INSERT INTO
    walking_information (id, pedestrian_id)
VALUES
    (
        '01JF789Z5ZV4XVEY5MBK0CA70K',
        '01F8VYXK67BGC1F9RP1E4S9YAK'
    );

INSERT INTO
    walking_samples (
        id,
        is_converged,
        trajectory_id,
        walking_information_id
    )
VALUES
    (
        '01JF789Z5Z5JAM923WDYTWPRQV',
        TRUE,
        '01JET1DV4WJ2EP78B8HAKK5SP0',
        '01JF789Z5ZV4XVEY5MBK0CA70K'
    );

INSERT INTO
    estimated_positions (id, x, y, direction, walking_sample_id)
VALUES
    (
        '01JF789Z5ZV6247WG80XCC15PB',
        350,
        300,
        90,
        '01JF789Z5Z5JAM923WDYTWPRQV'
    );

INSERT INTO
    correct_positions (id, x, y, direction, trajectory_id)
VALUES
    (
        '01JF789Z5Z9VYXY60NKKK651EQ',
        350,
        300,
        90,
        '01JET1DV4WJ2EP78B8HAKK5SP0'
    );

INSERT INTO
    walking_information (id, pedestrian_id)
VALUES
    (
        '01JF789Z5ZVERCNW7N61BVTHD0',
        '01F8VYXK67BGC1F9RP1E4S9YAK'
    );

INSERT INTO
    walking_samples (
        id,
        is_converged,
        trajectory_id,
        walking_information_id
    )
VALUES
    (
        '01JF789Z5Z3RW1YQ7HD9FRFP9Z',
        TRUE,
        '01JET1DV4WJ2EP78B8HAKK5SP0',
        '01JF789Z5ZVERCNW7N61BVTHD0'
    );

INSERT INTO
    estimated_positions (id, x, y, direction, walking_sample_id)
VALUES
    (
        '01JF789Z5ZZFN828NJ0CJ94RDZ',
        410,
        300,
        90,
        '01JF789Z5Z3RW1YQ7HD9FRFP9Z'
    );

INSERT INTO
    correct_positions (id, x, y, direction, trajectory_id)
VALUES
    (
        '01JF789Z5ZEZYYFZV280787GJN',
        410,
        300,
        90,
        '01JET1DV4WJ2EP78B8HAKK5SP0'
    );

INSERT INTO
    walking_information (id, pedestrian_id)
VALUES
    (
        '01JF789Z5ZZK161KBTG231V1PC',
        '01F8VYXK67BGC1F9RP1E4S9YAK'
    );

INSERT INTO
    walking_samples (
        id,
        is_converged,
        trajectory_id,
        walking_information_id
    )
VALUES
    (
        '01JF789Z5ZJYM03DMY0KP8T39M',
        TRUE,
        '01JET1DV4WJ2EP78B8HAKK5SP0',
        '01JF789Z5ZZK161KBTG231V1PC'
    );

INSERT INTO
    estimated_positions (id, x, y, direction, walking_sample_id)
VALUES
    (
        '01JF789Z5Z3BNNPRAM9N0KV30D',
        470,
        300,
        90,
        '01JF789Z5ZJYM03DMY0KP8T39M'
    );

INSERT INTO
    correct_positions (id, x, y, direction, trajectory_id)
VALUES
    (
        '01JF789Z5Z9V1PGERVES7B4AX9',
        470,
        300,
        90,
        '01JET1DV4WJ2EP78B8HAKK5SP0'
    );

INSERT INTO
    walking_information (id, pedestrian_id)
VALUES
    (
        '01JF789Z5ZHGECKATCRVN445RH',
        '01F8VYXK67BGC1F9RP1E4S9YAK'
    );

INSERT INTO
    walking_samples (
        id,
        is_converged,
        trajectory_id,
        walking_information_id
    )
VALUES
    (
        '01JF789Z5Z0RG3RM6TS77SAAYM',
        TRUE,
        '01JET1DV4WJ2EP78B8HAKK5SP0',
        '01JF789Z5ZHGECKATCRVN445RH'
    );

INSERT INTO
    estimated_positions (id, x, y, direction, walking_sample_id)
VALUES
    (
        '01JF789Z5ZHYW8QF275VRA2JSA',
        530,
        300,
        90,
        '01JF789Z5Z0RG3RM6TS77SAAYM'
    );

INSERT INTO
    correct_positions (id, x, y, direction, trajectory_id)
VALUES
    (
        '01JF789Z5ZJETKK2CA3JT9TDWX',
        530,
        300,
        90,
        '01JET1DV4WJ2EP78B8HAKK5SP0'
    );

INSERT INTO
    walking_information (id, pedestrian_id)
VALUES
    (
        '01JF789Z5ZZT7PN6WJERF7D42W',
        '01F8VYXK67BGC1F9RP1E4S9YAK'
    );

INSERT INTO
    walking_samples (
        id,
        is_converged,
        trajectory_id,
        walking_information_id
    )
VALUES
    (
        '01JF789Z5ZZJ3NW9WMS50B2NYS',
        TRUE,
        '01JET1DV4WJ2EP78B8HAKK5SP0',
        '01JF789Z5ZZT7PN6WJERF7D42W'
    );

INSERT INTO
    estimated_positions (id, x, y, direction, walking_sample_id)
VALUES
    (
        '01JF789Z5ZDPXYJYDEFCJHDEM4',
        590,
        300,
        90,
        '01JF789Z5ZZJ3NW9WMS50B2NYS'
    );

INSERT INTO
    correct_positions (id, x, y, direction, trajectory_id)
VALUES
    (
        '01JF789Z5Z5XTNS7GW3GKJA44M',
        590,
        300,
        90,
        '01JET1DV4WJ2EP78B8HAKK5SP0'
    );

INSERT INTO
    walking_information (id, pedestrian_id)
VALUES
    (
        '01JF789Z5Z7DF84SQKSERJAXSC',
        '01F8VYXK67BGC1F9RP1E4S9YAK'
    );

INSERT INTO
    walking_samples (
        id,
        is_converged,
        trajectory_id,
        walking_information_id
    )
VALUES
    (
        '01JF789Z5ZGYXNG0NQXS1HVR8G',
        TRUE,
        '01JET1DV4WJ2EP78B8HAKK5SP0',
        '01JF789Z5Z7DF84SQKSERJAXSC'
    );

INSERT INTO
    estimated_positions (id, x, y, direction, walking_sample_id)
VALUES
    (
        '01JF789Z5Z1GP9EPEFCNZX0EHQ',
        650,
        300,
        90,
        '01JF789Z5ZGYXNG0NQXS1HVR8G'
    );

INSERT INTO
    correct_positions (id, x, y, direction, trajectory_id)
VALUES
    (
        '01JF789Z5Z9PWXCATN2577160M',
        650,
        300,
        90,
        '01JET1DV4WJ2EP78B8HAKK5SP0'
    );

INSERT INTO
    walking_information (id, pedestrian_id)
VALUES
    (
        '01JF789Z5ZFA6FJ3H63PFK38WA',
        '01F8VYXK67BGC1F9RP1E4S9YAK'
    );

INSERT INTO
    walking_samples (
        id,
        is_converged,
        trajectory_id,
        walking_information_id
    )
VALUES
    (
        '01JF789Z5ZC1MREV5QSKV07EHY',
        TRUE,
        '01JET1DV4WJ2EP78B8HAKK5SP0',
        '01JF789Z5ZFA6FJ3H63PFK38WA'
    );

INSERT INTO
    estimated_positions (id, x, y, direction, walking_sample_id)
VALUES
    (
        '01JF789Z5ZMDJ3QGV6J8ACDSHW',
        710,
        300,
        90,
        '01JF789Z5ZC1MREV5QSKV07EHY'
    );

INSERT INTO
    correct_positions (id, x, y, direction, trajectory_id)
VALUES
    (
        '01JF789Z5Z6H67K26HWFREGJNH',
        710,
        300,
        90,
        '01JET1DV4WJ2EP78B8HAKK5SP0'
    );

INSERT INTO
    walking_information (id, pedestrian_id)
VALUES
    (
        '01JF789Z5ZDCDXPYJV3MCK63CJ',
        '01F8VYXK67BGC1F9RP1E4S9YAK'
    );

INSERT INTO
    walking_samples (
        id,
        is_converged,
        trajectory_id,
        walking_information_id
    )
VALUES
    (
        '01JF789Z5ZKCM3CZ0064EG1TXB',
        TRUE,
        '01JET1DV4WJ2EP78B8HAKK5SP0',
        '01JF789Z5ZDCDXPYJV3MCK63CJ'
    );

INSERT INTO
    estimated_positions (id, x, y, direction, walking_sample_id)
VALUES
    (
        '01JF789Z5Z5QYV2HYXZYAS79WE',
        770,
        300,
        90,
        '01JF789Z5ZKCM3CZ0064EG1TXB'
    );

INSERT INTO
    correct_positions (id, x, y, direction, trajectory_id)
VALUES
    (
        '01JF789Z5ZR823FBV1RPHFSTJS',
        770,
        300,
        90,
        '01JET1DV4WJ2EP78B8HAKK5SP0'
    );

INSERT INTO
    walking_information (id, pedestrian_id)
VALUES
    (
        '01JF789Z5ZHFYJ3SP0W0XBWVJZ',
        '01F8VYXK67BGC1F9RP1E4S9YAK'
    );

INSERT INTO
    walking_samples (
        id,
        is_converged,
        trajectory_id,
        walking_information_id
    )
VALUES
    (
        '01JF789Z5ZPB7BHFEZCGC16M7B',
        TRUE,
        '01JET1DV4WJ2EP78B8HAKK5SP0',
        '01JF789Z5ZHFYJ3SP0W0XBWVJZ'
    );

INSERT INTO
    estimated_positions (id, x, y, direction, walking_sample_id)
VALUES
    (
        '01JF789Z5ZHBZ0MAZFA92KKNRN',
        830,
        300,
        90,
        '01JF789Z5ZPB7BHFEZCGC16M7B'
    );

INSERT INTO
    correct_positions (id, x, y, direction, trajectory_id)
VALUES
    (
        '01JF789Z5ZJXCH44FCAJDM7YN4',
        830,
        300,
        90,
        '01JET1DV4WJ2EP78B8HAKK5SP0'
    );

INSERT INTO
    walking_information (id, pedestrian_id)
VALUES
    (
        '01JF789Z5ZW0ZM75BMTX66DHKS',
        '01F8VYXK67BGC1F9RP1E4S9YAK'
    );

INSERT INTO
    walking_samples (
        id,
        is_converged,
        trajectory_id,
        walking_information_id
    )
VALUES
    (
        '01JF789Z5Z9VHPFSJP5N756ZMV',
        TRUE,
        '01JET1DV4WJ2EP78B8HAKK5SP0',
        '01JF789Z5ZW0ZM75BMTX66DHKS'
    );

INSERT INTO
    estimated_positions (id, x, y, direction, walking_sample_id)
VALUES
    (
        '01JF789Z5ZCYENSF057EZTX9HF',
        890,
        300,
        90,
        '01JF789Z5Z9VHPFSJP5N756ZMV'
    );

INSERT INTO
    correct_positions (id, x, y, direction, trajectory_id)
VALUES
    (
        '01JF789Z5Z7CT3F1QS1SWE75S1',
        890,
        300,
        90,
        '01JET1DV4WJ2EP78B8HAKK5SP0'
    );

INSERT INTO
    walking_information (id, pedestrian_id)
VALUES
    (
        '01JF789Z5Z3AAD0AB8FBB4DRSR',
        '01F8VYXK67BGC1F9RP1E4S9YAK'
    );

INSERT INTO
    walking_samples (
        id,
        is_converged,
        trajectory_id,
        walking_information_id
    )
VALUES
    (
        '01JF789Z5ZTWNPK089RKHMJQ78',
        TRUE,
        '01JET1DV4WJ2EP78B8HAKK5SP0',
        '01JF789Z5Z3AAD0AB8FBB4DRSR'
    );

INSERT INTO
    estimated_positions (id, x, y, direction, walking_sample_id)
VALUES
    (
        '01JF789Z5ZK1FESKD3JH7B42EQ',
        950,
        300,
        90,
        '01JF789Z5ZTWNPK089RKHMJQ78'
    );

INSERT INTO
    correct_positions (id, x, y, direction, trajectory_id)
VALUES
    (
        '01JF789Z5Z92A2N1W9XS8JYDX5',
        950,
        300,
        90,
        '01JET1DV4WJ2EP78B8HAKK5SP0'
    );

INSERT INTO
    walking_information (id, pedestrian_id)
VALUES
    (
        '01JF789Z5ZWJVZRKBZZX8DDEQZ',
        '01F8VYXK67BGC1F9RP1E4S9YAK'
    );

INSERT INTO
    walking_samples (
        id,
        is_converged,
        trajectory_id,
        walking_information_id
    )
VALUES
    (
        '01JF789Z5ZQKR3SH317XVQ9A0Q',
        TRUE,
        '01JET1DV4WJ2EP78B8HAKK5SP0',
        '01JF789Z5ZWJVZRKBZZX8DDEQZ'
    );

INSERT INTO
    estimated_positions (id, x, y, direction, walking_sample_id)
VALUES
    (
        '01JF789Z5Z40B41F3P5HT39T8T',
        1010,
        300,
        90,
        '01JF789Z5ZQKR3SH317XVQ9A0Q'
    );

INSERT INTO
    correct_positions (id, x, y, direction, trajectory_id)
VALUES
    (
        '01JF789Z5ZMDYGCSMCTPP7XDMF',
        1010,
        300,
        90,
        '01JET1DV4WJ2EP78B8HAKK5SP0'
    );

INSERT INTO
    walking_information (id, pedestrian_id)
VALUES
    (
        '01JF789Z5ZVQGSVTH0D3QZJWZ5',
        '01F8VYXK67BGC1F9RP1E4S9YAK'
    );

INSERT INTO
    walking_samples (
        id,
        is_converged,
        trajectory_id,
        walking_information_id
    )
VALUES
    (
        '01JF789Z5ZEJ18ZGN7EV1KX3E4',
        TRUE,
        '01JET1DV4WJ2EP78B8HAKK5SP0',
        '01JF789Z5ZVQGSVTH0D3QZJWZ5'
    );

INSERT INTO
    estimated_positions (id, x, y, direction, walking_sample_id)
VALUES
    (
        '01JF789Z5Z34P1FVQFYSBE3R3Z',
        1070,
        300,
        90,
        '01JF789Z5ZEJ18ZGN7EV1KX3E4'
    );

INSERT INTO
    correct_positions (id, x, y, direction, trajectory_id)
VALUES
    (
        '01JF789Z5ZW9ANVA0TTHTF9GHN',
        1070,
        300,
        90,
        '01JET1DV4WJ2EP78B8HAKK5SP0'
    );

INSERT INTO
    walking_information (id, pedestrian_id)
VALUES
    (
        '01JF789Z5ZYVYG7D3HGPP9PFJT',
        '01F8VYXK67BGC1F9RP1E4S9YAK'
    );

INSERT INTO
    walking_samples (
        id,
        is_converged,
        trajectory_id,
        walking_information_id
    )
VALUES
    (
        '01JF789Z5ZN22HQ5M8BW1GHZHT',
        TRUE,
        '01JET1DV4WJ2EP78B8HAKK5SP0',
        '01JF789Z5ZYVYG7D3HGPP9PFJT'
    );

INSERT INTO
    estimated_positions (id, x, y, direction, walking_sample_id)
VALUES
    (
        '01JF789Z5ZBTG5TT3H47EYEPH8',
        1130,
        300,
        90,
        '01JF789Z5ZN22HQ5M8BW1GHZHT'
    );

INSERT INTO
    correct_positions (id, x, y, direction, trajectory_id)
VALUES
    (
        '01JF789Z5Z7GTPV5EYEEKN99DM',
        1130,
        300,
        90,
        '01JET1DV4WJ2EP78B8HAKK5SP0'
    );

INSERT INTO
    walking_information (id, pedestrian_id)
VALUES
    (
        '01JF789Z5ZE1KJNN9V99ETKYYD',
        '01F8VYXK67BGC1F9RP1E4S9YAK'
    );

INSERT INTO
    walking_samples (
        id,
        is_converged,
        trajectory_id,
        walking_information_id
    )
VALUES
    (
        '01JF789Z5Z34QBRWBRW785PC14',
        TRUE,
        '01JET1DV4WJ2EP78B8HAKK5SP0',
        '01JF789Z5ZE1KJNN9V99ETKYYD'
    );

INSERT INTO
    estimated_positions (id, x, y, direction, walking_sample_id)
VALUES
    (
        '01JF789Z5ZKWK4EZR17SVHVY4T',
        1190,
        300,
        90,
        '01JF789Z5Z34QBRWBRW785PC14'
    );

INSERT INTO
    correct_positions (id, x, y, direction, trajectory_id)
VALUES
    (
        '01JF789Z5ZM8BE0N07QZ49PJWX',
        1190,
        300,
        90,
        '01JET1DV4WJ2EP78B8HAKK5SP0'
    );

INSERT INTO
    walking_information (id, pedestrian_id)
VALUES
    (
        '01JF789Z5ZJQMZQ2G3YFTGBCMS',
        '01F8VYXK67BGC1F9RP1E4S9YAK'
    );

INSERT INTO
    walking_samples (
        id,
        is_converged,
        trajectory_id,
        walking_information_id
    )
VALUES
    (
        '01JF789Z5ZXCPWHG3EXTAS519G',
        TRUE,
        '01JET1DV4WJ2EP78B8HAKK5SP0',
        '01JF789Z5ZJQMZQ2G3YFTGBCMS'
    );

INSERT INTO
    estimated_positions (id, x, y, direction, walking_sample_id)
VALUES
    (
        '01JF789Z5ZRHMB5SCRGQQ0ZYMD',
        1250,
        300,
        90,
        '01JF789Z5ZXCPWHG3EXTAS519G'
    );

INSERT INTO
    correct_positions (id, x, y, direction, trajectory_id)
VALUES
    (
        '01JF789Z5ZT81FB8DZARMF45VR',
        1250,
        300,
        90,
        '01JET1DV4WJ2EP78B8HAKK5SP0'
    );

INSERT INTO
    walking_information (id, pedestrian_id)
VALUES
    (
        '01JF789Z5Z6PRX2P2EPAW18RBE',
        '01F8VYXK67BGC1F9RP1E4S9YAK'
    );

INSERT INTO
    walking_samples (
        id,
        is_converged,
        trajectory_id,
        walking_information_id
    )
VALUES
    (
        '01JF789Z5ZCV5C15T2ZE860VKK',
        TRUE,
        '01JET1DV4WJ2EP78B8HAKK5SP0',
        '01JF789Z5Z6PRX2P2EPAW18RBE'
    );

INSERT INTO
    estimated_positions (id, x, y, direction, walking_sample_id)
VALUES
    (
        '01JF789Z5ZV9QG2RQGJWQ759BY',
        1310,
        300,
        90,
        '01JF789Z5ZCV5C15T2ZE860VKK'
    );

INSERT INTO
    correct_positions (id, x, y, direction, trajectory_id)
VALUES
    (
        '01JF789Z5ZXW5TVVYQZX0EBZBK',
        1310,
        300,
        90,
        '01JET1DV4WJ2EP78B8HAKK5SP0'
    );

INSERT INTO
    walking_information (id, pedestrian_id)
VALUES
    (
        '01JF789Z5ZK1DJ3K7V2FVFVJFW',
        '01F8VYXK67BGC1F9RP1E4S9YAK'
    );

INSERT INTO
    walking_samples (
        id,
        is_converged,
        trajectory_id,
        walking_information_id
    )
VALUES
    (
        '01JF789Z5Z2EZ44ABGQ6QM6G40',
        TRUE,
        '01JET1DV4WJ2EP78B8HAKK5SP0',
        '01JF789Z5ZK1DJ3K7V2FVFVJFW'
    );

INSERT INTO
    estimated_positions (id, x, y, direction, walking_sample_id)
VALUES
    (
        '01JF789Z5Z04FK13MM4NT1C7AQ',
        1370,
        300,
        90,
        '01JF789Z5Z2EZ44ABGQ6QM6G40'
    );

INSERT INTO
    correct_positions (id, x, y, direction, trajectory_id)
VALUES
    (
        '01JF789Z5ZEY1HJH92CM9PRW59',
        1370,
        300,
        90,
        '01JET1DV4WJ2EP78B8HAKK5SP0'
    );

INSERT INTO
    walking_information (id, pedestrian_id)
VALUES
    (
        '01JF789Z5ZNW1PPTME39RER18Y',
        '01F8VYXK67BGC1F9RP1E4S9YAK'
    );

INSERT INTO
    walking_samples (
        id,
        is_converged,
        trajectory_id,
        walking_information_id
    )
VALUES
    (
        '01JF789Z5ZJE5528C8FKSD6EDE',
        TRUE,
        '01JET1DV4WJ2EP78B8HAKK5SP0',
        '01JF789Z5ZNW1PPTME39RER18Y'
    );

INSERT INTO
    estimated_positions (id, x, y, direction, walking_sample_id)
VALUES
    (
        '01JF789Z5Z0W7VM1MF4153H166',
        1430,
        300,
        90,
        '01JF789Z5ZJE5528C8FKSD6EDE'
    );

INSERT INTO
    correct_positions (id, x, y, direction, trajectory_id)
VALUES
    (
        '01JF789Z5Z53SABW13WFE1VQ6D',
        1430,
        300,
        90,
        '01JET1DV4WJ2EP78B8HAKK5SP0'
    );

INSERT INTO
    walking_information (id, pedestrian_id)
VALUES
    (
        '01JF789Z5Z3MH0FT1ANWPMA9WK',
        '01F8VYXK67BGC1F9RP1E4S9YAK'
    );

INSERT INTO
    walking_samples (
        id,
        is_converged,
        trajectory_id,
        walking_information_id
    )
VALUES
    (
        '01JF789Z5ZSEJ2HPM3T70PDZ3A',
        TRUE,
        '01JET1DV4WJ2EP78B8HAKK5SP0',
        '01JF789Z5Z3MH0FT1ANWPMA9WK'
    );

INSERT INTO
    estimated_positions (id, x, y, direction, walking_sample_id)
VALUES
    (
        '01JF789Z5Z24H6DVKNGB5NMAYW',
        1490,
        300,
        90,
        '01JF789Z5ZSEJ2HPM3T70PDZ3A'
    );

INSERT INTO
    correct_positions (id, x, y, direction, trajectory_id)
VALUES
    (
        '01JF789Z5ZSHJ7RPTCT0RS3T8H',
        1490,
        300,
        90,
        '01JET1DV4WJ2EP78B8HAKK5SP0'
    );

INSERT INTO
    walking_information (id, pedestrian_id)
VALUES
    (
        '01JF789Z5ZH1CV2CN1X39AHZ3S',
        '01F8VYXK67BGC1F9RP1E4S9YAK'
    );

INSERT INTO
    walking_samples (
        id,
        is_converged,
        trajectory_id,
        walking_information_id
    )
VALUES
    (
        '01JF789Z5ZZ6BRMYHVFCB4WJ6D',
        TRUE,
        '01JET1DV4WJ2EP78B8HAKK5SP0',
        '01JF789Z5ZH1CV2CN1X39AHZ3S'
    );

INSERT INTO
    estimated_positions (id, x, y, direction, walking_sample_id)
VALUES
    (
        '01JF789Z5ZGQ9JWSDP8ZJR36KY',
        1550,
        300,
        90,
        '01JF789Z5ZZ6BRMYHVFCB4WJ6D'
    );

INSERT INTO
    correct_positions (id, x, y, direction, trajectory_id)
VALUES
    (
        '01JF789Z5ZASYD7QS0Z1NZ0MEQ',
        1550,
        300,
        90,
        '01JET1DV4WJ2EP78B8HAKK5SP0'
    );

INSERT INTO
    walking_information (id, pedestrian_id)
VALUES
    (
        '01JF789Z5Z0ZTW8MHCWHKHRDJ9',
        '01F8VYXK67BGC1F9RP1E4S9YAK'
    );

INSERT INTO
    walking_samples (
        id,
        is_converged,
        trajectory_id,
        walking_information_id
    )
VALUES
    (
        '01JF789Z5ZKFXH6EBRYC9YHM0S',
        TRUE,
        '01JET1DV4WJ2EP78B8HAKK5SP0',
        '01JF789Z5Z0ZTW8MHCWHKHRDJ9'
    );

INSERT INTO
    estimated_positions (id, x, y, direction, walking_sample_id)
VALUES
    (
        '01JF789Z5Z5Z4KATSZVMHG4ZGK',
        1610,
        300,
        90,
        '01JF789Z5ZKFXH6EBRYC9YHM0S'
    );

INSERT INTO
    correct_positions (id, x, y, direction, trajectory_id)
VALUES
    (
        '01JF789Z5Z39BP1TZ1S5R3CMHK',
        1610,
        300,
        90,
        '01JET1DV4WJ2EP78B8HAKK5SP0'
    );

INSERT INTO
    walking_information (id, pedestrian_id)
VALUES
    (
        '01JF789Z5ZKENCAE00XQN5B7RX',
        '01F8VYXK67BGC1F9RP1E4S9YAK'
    );

INSERT INTO
    walking_samples (
        id,
        is_converged,
        trajectory_id,
        walking_information_id
    )
VALUES
    (
        '01JF789Z5Z7WGD0K43RY4ZYM18',
        TRUE,
        '01JET1DV4WJ2EP78B8HAKK5SP0',
        '01JF789Z5ZKENCAE00XQN5B7RX'
    );

INSERT INTO
    estimated_positions (id, x, y, direction, walking_sample_id)
VALUES
    (
        '01JF789Z5Z22P2M8XMP91F0BDP',
        1670,
        300,
        90,
        '01JF789Z5Z7WGD0K43RY4ZYM18'
    );

INSERT INTO
    correct_positions (id, x, y, direction, trajectory_id)
VALUES
    (
        '01JF789Z5Z8T6G9061ZASE7FMW',
        1670,
        300,
        90,
        '01JET1DV4WJ2EP78B8HAKK5SP0'
    );

INSERT INTO
    walking_information (id, pedestrian_id)
VALUES
    (
        '01JF789Z5Z4J8ZTH4V8NEF023R',
        '01F8VYXK67BGC1F9RP1E4S9YAK'
    );

INSERT INTO
    walking_samples (
        id,
        is_converged,
        trajectory_id,
        walking_information_id
    )
VALUES
    (
        '01JF789Z5ZM0JZF615NH38GDM5',
        TRUE,
        '01JET1DV4WJ2EP78B8HAKK5SP0',
        '01JF789Z5Z4J8ZTH4V8NEF023R'
    );

INSERT INTO
    estimated_positions (id, x, y, direction, walking_sample_id)
VALUES
    (
        '01JF789Z5ZS992ZXCK9HBRJVFW',
        1730,
        300,
        90,
        '01JF789Z5ZM0JZF615NH38GDM5'
    );

INSERT INTO
    correct_positions (id, x, y, direction, trajectory_id)
VALUES
    (
        '01JF789Z5ZMRTXJPC3JMJZE29B',
        1730,
        300,
        90,
        '01JET1DV4WJ2EP78B8HAKK5SP0'
    );

INSERT INTO
    walking_information (id, pedestrian_id)
VALUES
    (
        '01JF789Z5ZDKPASNREDRFEDXVV',
        '01F8VYXK67BGC1F9RP1E4S9YAK'
    );

INSERT INTO
    walking_samples (
        id,
        is_converged,
        trajectory_id,
        walking_information_id
    )
VALUES
    (
        '01JF789Z60P3QKP8BR6ABA3P1F',
        TRUE,
        '01JET1DV4WJ2EP78B8HAKK5SP0',
        '01JF789Z5ZDKPASNREDRFEDXVV'
    );

INSERT INTO
    estimated_positions (id, x, y, direction, walking_sample_id)
VALUES
    (
        '01JF789Z5Z6PB8KQ0RXK55WC3W',
        1790,
        300,
        90,
        '01JF789Z60P3QKP8BR6ABA3P1F'
    );

INSERT INTO
    correct_positions (id, x, y, direction, trajectory_id)
VALUES
    (
        '01JF789Z60V42KTVJD78PX1BYW',
        1790,
        300,
        90,
        '01JET1DV4WJ2EP78B8HAKK5SP0'
    );

INSERT INTO
    walking_information (id, pedestrian_id)
VALUES
    (
        '01JF789Z60N5KMJBA49KSHA746',
        '01F8VYXK67BGC1F9RP1E4S9YAK'
    );

INSERT INTO
    walking_samples (
        id,
        is_converged,
        trajectory_id,
        walking_information_id
    )
VALUES
    (
        '01JF789Z605NHE0G661A5EAMJR',
        TRUE,
        '01JET1DV4WJ2EP78B8HAKK5SP0',
        '01JF789Z60N5KMJBA49KSHA746'
    );

INSERT INTO
    estimated_positions (id, x, y, direction, walking_sample_id)
VALUES
    (
        '01JF789Z60DBCP30AKW64DDARC',
        1850,
        300,
        90,
        '01JF789Z605NHE0G661A5EAMJR'
    );

INSERT INTO
    correct_positions (id, x, y, direction, trajectory_id)
VALUES
    (
        '01JF789Z60A3QCMRJBAVZ8HYQE',
        1850,
        300,
        90,
        '01JET1DV4WJ2EP78B8HAKK5SP0'
    );

INSERT INTO
    walking_information (id, pedestrian_id)
VALUES
    (
        '01JF789Z601DF05948Q9PDCND4',
        '01F8VYXK67BGC1F9RP1E4S9YAK'
    );

INSERT INTO
    walking_samples (
        id,
        is_converged,
        trajectory_id,
        walking_information_id
    )
VALUES
    (
        '01JF789Z60M2AQPKK4ZZJGNQ2D',
        TRUE,
        '01JET1DV4WJ2EP78B8HAKK5SP0',
        '01JF789Z601DF05948Q9PDCND4'
    );

INSERT INTO
    estimated_positions (id, x, y, direction, walking_sample_id)
VALUES
    (
        '01JF789Z60MK8384VEH53PK432',
        1910,
        300,
        90,
        '01JF789Z60M2AQPKK4ZZJGNQ2D'
    );

INSERT INTO
    correct_positions (id, x, y, direction, trajectory_id)
VALUES
    (
        '01JF789Z60Q4BWTDFC6TJDR83S',
        1910,
        300,
        90,
        '01JET1DV4WJ2EP78B8HAKK5SP0'
    );

INSERT INTO
    walking_information (id, pedestrian_id)
VALUES
    (
        '01JF789Z60XJXJY6HX93ZKFJYF',
        '01F8VYXK67BGC1F9RP1E4S9YAK'
    );

INSERT INTO
    walking_samples (
        id,
        is_converged,
        trajectory_id,
        walking_information_id
    )
VALUES
    (
        '01JF789Z60JS52MXTNRPNQNCRT',
        TRUE,
        '01JET1DV4WJ2EP78B8HAKK5SP0',
        '01JF789Z60XJXJY6HX93ZKFJYF'
    );

INSERT INTO
    estimated_positions (id, x, y, direction, walking_sample_id)
VALUES
    (
        '01JF789Z605MG5RQY69YRYVE6M',
        1970,
        300,
        90,
        '01JF789Z60JS52MXTNRPNQNCRT'
    );

INSERT INTO
    correct_positions (id, x, y, direction, trajectory_id)
VALUES
    (
        '01JF789Z609BN7WBTT22DDD4N2',
        1970,
        300,
        90,
        '01JET1DV4WJ2EP78B8HAKK5SP0'
    );

INSERT INTO
    walking_information (id, pedestrian_id)
VALUES
    (
        '01JF789Z60MK2EM2NXSAEAE7BX',
        '01F8VYXK67BGC1F9RP1E4S9YAK'
    );

INSERT INTO
    walking_samples (
        id,
        is_converged,
        trajectory_id,
        walking_information_id
    )
VALUES
    (
        '01JF789Z604RK7JM7K56NCTGQQ',
        TRUE,
        '01JET1DV4WJ2EP78B8HAKK5SP0',
        '01JF789Z60MK2EM2NXSAEAE7BX'
    );

INSERT INTO
    estimated_positions (id, x, y, direction, walking_sample_id)
VALUES
    (
        '01JF789Z6051CDSNB6KSRY5GF8',
        2030,
        300,
        90,
        '01JF789Z604RK7JM7K56NCTGQQ'
    );

INSERT INTO
    correct_positions (id, x, y, direction, trajectory_id)
VALUES
    (
        '01JF789Z60CZ7M2ZST22F6W4CP',
        2030,
        300,
        90,
        '01JET1DV4WJ2EP78B8HAKK5SP0'
    );

INSERT INTO
    walking_information (id, pedestrian_id)
VALUES
    (
        '01JF789Z60Q5GGYP8TPN17TY68',
        '01F8VYXK67BGC1F9RP1E4S9YAK'
    );

INSERT INTO
    walking_samples (
        id,
        is_converged,
        trajectory_id,
        walking_information_id
    )
VALUES
    (
        '01JF789Z60JKSC14YC0V2RYXQ4',
        TRUE,
        '01JET1DV4WJ2EP78B8HAKK5SP0',
        '01JF789Z60Q5GGYP8TPN17TY68'
    );

INSERT INTO
    estimated_positions (id, x, y, direction, walking_sample_id)
VALUES
    (
        '01JF789Z6050H9NQ52DZ6DPB4V',
        2090,
        300,
        90,
        '01JF789Z60JKSC14YC0V2RYXQ4'
    );

INSERT INTO
    correct_positions (id, x, y, direction, trajectory_id)
VALUES
    (
        '01JF789Z60BNK1R266CDGTTG27',
        2090,
        300,
        90,
        '01JET1DV4WJ2EP78B8HAKK5SP0'
    );

INSERT INTO
    walking_information (id, pedestrian_id)
VALUES
    (
        '01JF789Z60PSC11Z0A26Z1JNJ8',
        '01F8VYXK67BGC1F9RP1E4S9YAK'
    );

INSERT INTO
    walking_samples (
        id,
        is_converged,
        trajectory_id,
        walking_information_id
    )
VALUES
    (
        '01JF789Z60WRT1N6EWS4ECQENH',
        TRUE,
        '01JET1DV4WJ2EP78B8HAKK5SP0',
        '01JF789Z60PSC11Z0A26Z1JNJ8'
    );

INSERT INTO
    estimated_positions (id, x, y, direction, walking_sample_id)
VALUES
    (
        '01JF789Z60GY59T9697MXHJY3R',
        2150,
        300,
        90,
        '01JF789Z60WRT1N6EWS4ECQENH'
    );

INSERT INTO
    correct_positions (id, x, y, direction, trajectory_id)
VALUES
    (
        '01JF789Z607YNBEBXN2XAWR3PW',
        2150,
        300,
        90,
        '01JET1DV4WJ2EP78B8HAKK5SP0'
    );

INSERT INTO
    walking_information (id, pedestrian_id)
VALUES
    (
        '01JF789Z609QVHGAHEX60XXB5T',
        '01F8VYXK67BGC1F9RP1E4S9YAK'
    );

INSERT INTO
    walking_samples (
        id,
        is_converged,
        trajectory_id,
        walking_information_id
    )
VALUES
    (
        '01JF789Z60GXAJ3GWRNWDPAB8Z',
        TRUE,
        '01JET1DV4WJ2EP78B8HAKK5SP0',
        '01JF789Z609QVHGAHEX60XXB5T'
    );

INSERT INTO
    estimated_positions (id, x, y, direction, walking_sample_id)
VALUES
    (
        '01JF789Z60F5R4R2DRWPY13F05',
        2210,
        300,
        90,
        '01JF789Z60GXAJ3GWRNWDPAB8Z'
    );

INSERT INTO
    correct_positions (id, x, y, direction, trajectory_id)
VALUES
    (
        '01JF789Z608XZH5XQSXT6GFEMX',
        2210,
        300,
        90,
        '01JET1DV4WJ2EP78B8HAKK5SP0'
    );

INSERT INTO
    walking_information (id, pedestrian_id)
VALUES
    (
        '01JF789Z6003Y0K816G2DBWEDH',
        '01F8VYXK67BGC1F9RP1E4S9YAK'
    );

INSERT INTO
    walking_samples (
        id,
        is_converged,
        trajectory_id,
        walking_information_id
    )
VALUES
    (
        '01JF789Z60M4STCHG9TGA2H2NF',
        TRUE,
        '01JET1DV4WJ2EP78B8HAKK5SP0',
        '01JF789Z6003Y0K816G2DBWEDH'
    );

INSERT INTO
    estimated_positions (id, x, y, direction, walking_sample_id)
VALUES
    (
        '01JF789Z60EF500NY007ZJ7M63',
        2270,
        300,
        90,
        '01JF789Z60M4STCHG9TGA2H2NF'
    );

INSERT INTO
    correct_positions (id, x, y, direction, trajectory_id)
VALUES
    (
        '01JF789Z60GWVA0AYCQVTHZP6H',
        2270,
        300,
        90,
        '01JET1DV4WJ2EP78B8HAKK5SP0'
    );

INSERT INTO
    walking_information (id, pedestrian_id)
VALUES
    (
        '01JF789Z60EJKZGDRBTCX6QH89',
        '01F8VYXK67BGC1F9RP1E4S9YAK'
    );

INSERT INTO
    walking_samples (
        id,
        is_converged,
        trajectory_id,
        walking_information_id
    )
VALUES
    (
        '01JF789Z603ZSQ4B41TVRKNSTN',
        TRUE,
        '01JET1DV4WJ2EP78B8HAKK5SP0',
        '01JF789Z60EJKZGDRBTCX6QH89'
    );

INSERT INTO
    estimated_positions (id, x, y, direction, walking_sample_id)
VALUES
    (
        '01JF789Z60PAJ31644XYQ3DB07',
        2330,
        300,
        90,
        '01JF789Z603ZSQ4B41TVRKNSTN'
    );

INSERT INTO
    correct_positions (id, x, y, direction, trajectory_id)
VALUES
    (
        '01JF789Z60YVX6B6QTVED2KH4Z',
        2330,
        300,
        90,
        '01JET1DV4WJ2EP78B8HAKK5SP0'
    );

INSERT INTO
    walking_information (id, pedestrian_id)
VALUES
    (
        '01JF789Z60ENJEX9NRDGHMEWAK',
        '01F8VYXK67BGC1F9RP1E4S9YAK'
    );

INSERT INTO
    walking_samples (
        id,
        is_converged,
        trajectory_id,
        walking_information_id
    )
VALUES
    (
        '01JF789Z604ZTV3K7FDXE5WXXB',
        TRUE,
        '01JET1DV4WJ2EP78B8HAKK5SP0',
        '01JF789Z60ENJEX9NRDGHMEWAK'
    );

INSERT INTO
    estimated_positions (id, x, y, direction, walking_sample_id)
VALUES
    (
        '01JF789Z60NVB1T492M6GP1V0Y',
        2390,
        300,
        90,
        '01JF789Z604ZTV3K7FDXE5WXXB'
    );

INSERT INTO
    correct_positions (id, x, y, direction, trajectory_id)
VALUES
    (
        '01JF789Z60G7RD7K934WBK862M',
        2390,
        300,
        90,
        '01JET1DV4WJ2EP78B8HAKK5SP0'
    );

INSERT INTO
    walking_information (id, pedestrian_id)
VALUES
    (
        '01JF789Z60RA19F8ZAYFQNTGVD',
        '01F8VYXK67BGC1F9RP1E4S9YAK'
    );

INSERT INTO
    walking_samples (
        id,
        is_converged,
        trajectory_id,
        walking_information_id
    )
VALUES
    (
        '01JF789Z60BNFN95J043W3ZYMT',
        TRUE,
        '01JET1DV4WJ2EP78B8HAKK5SP0',
        '01JF789Z60RA19F8ZAYFQNTGVD'
    );

INSERT INTO
    estimated_positions (id, x, y, direction, walking_sample_id)
VALUES
    (
        '01JF789Z60FT94RE2WNJ958C0F',
        2450,
        300,
        90,
        '01JF789Z60BNFN95J043W3ZYMT'
    );

INSERT INTO
    correct_positions (id, x, y, direction, trajectory_id)
VALUES
    (
        '01JF789Z60K40CDFFFH77TFWRQ',
        2450,
        300,
        90,
        '01JET1DV4WJ2EP78B8HAKK5SP0'
    );

INSERT INTO
    walking_information (id, pedestrian_id)
VALUES
    (
        '01JF789Z607PTGXW0Q4X4MSZ3K',
        '01F8VYXK67BGC1F9RP1E4S9YAK'
    );

INSERT INTO
    walking_samples (
        id,
        is_converged,
        trajectory_id,
        walking_information_id
    )
VALUES
    (
        '01JF789Z60Y45X6XAHG81DYMSS',
        TRUE,
        '01JET1DV4WJ2EP78B8HAKK5SP0',
        '01JF789Z607PTGXW0Q4X4MSZ3K'
    );

INSERT INTO
    estimated_positions (id, x, y, direction, walking_sample_id)
VALUES
    (
        '01JF789Z60M1AKMH090Z0XS0C1',
        2510,
        300,
        90,
        '01JF789Z60Y45X6XAHG81DYMSS'
    );

INSERT INTO
    correct_positions (id, x, y, direction, trajectory_id)
VALUES
    (
        '01JF789Z60FA64KBERM4JDBYWY',
        2510,
        300,
        90,
        '01JET1DV4WJ2EP78B8HAKK5SP0'
    );

INSERT INTO
    walking_information (id, pedestrian_id)
VALUES
    (
        '01JF789Z60F3D10TJMCBRVWSSN',
        '01F8VYXK67BGC1F9RP1E4S9YAK'
    );

INSERT INTO
    walking_samples (
        id,
        is_converged,
        trajectory_id,
        walking_information_id
    )
VALUES
    (
        '01JF789Z60ZQ7T7D2Y5KT77PDE',
        TRUE,
        '01JET1DV4WJ2EP78B8HAKK5SP0',
        '01JF789Z60F3D10TJMCBRVWSSN'
    );

INSERT INTO
    estimated_positions (id, x, y, direction, walking_sample_id)
VALUES
    (
        '01JF789Z60TM26HMZ7F5TBHE3R',
        2570,
        300,
        90,
        '01JF789Z60ZQ7T7D2Y5KT77PDE'
    );

INSERT INTO
    correct_positions (id, x, y, direction, trajectory_id)
VALUES
    (
        '01JF789Z60WA9T5EK575ZMFMPZ',
        2570,
        300,
        90,
        '01JET1DV4WJ2EP78B8HAKK5SP0'
    );

INSERT INTO
    walking_information (id, pedestrian_id)
VALUES
    (
        '01JF789Z60WBVNMKWK5F9NDC8Q',
        '01F8VYXK67BGC1F9RP1E4S9YAK'
    );

INSERT INTO
    walking_samples (
        id,
        is_converged,
        trajectory_id,
        walking_information_id
    )
VALUES
    (
        '01JF789Z60324G4GM97022Z387',
        TRUE,
        '01JET1DV4WJ2EP78B8HAKK5SP0',
        '01JF789Z60WBVNMKWK5F9NDC8Q'
    );

INSERT INTO
    estimated_positions (id, x, y, direction, walking_sample_id)
VALUES
    (
        '01JF789Z60YRYWN3GQYVJBTZTQ',
        2630,
        300,
        90,
        '01JF789Z60324G4GM97022Z387'
    );

INSERT INTO
    correct_positions (id, x, y, direction, trajectory_id)
VALUES
    (
        '01JF789Z60645Z39JPR0PG14HX',
        2630,
        300,
        90,
        '01JET1DV4WJ2EP78B8HAKK5SP0'
    );

INSERT INTO
    walking_information (id, pedestrian_id)
VALUES
    (
        '01JF789Z609SJM4CQ5QY58K6PN',
        '01F8VYXK67BGC1F9RP1E4S9YAK'
    );

INSERT INTO
    walking_samples (
        id,
        is_converged,
        trajectory_id,
        walking_information_id
    )
VALUES
    (
        '01JF789Z60B87MZDF9A5FS9QGD',
        TRUE,
        '01JET1DV4WJ2EP78B8HAKK5SP0',
        '01JF789Z609SJM4CQ5QY58K6PN'
    );

INSERT INTO
    estimated_positions (id, x, y, direction, walking_sample_id)
VALUES
    (
        '01JF789Z60VKDX48CKH88YDV7G',
        2650,
        350,
        180,
        '01JF789Z60B87MZDF9A5FS9QGD'
    );

INSERT INTO
    correct_positions (id, x, y, direction, trajectory_id)
VALUES
    (
        '01JF789Z603NR0FDVWCADTD2PN',
        2650,
        350,
        180,
        '01JET1DV4WJ2EP78B8HAKK5SP0'
    );

INSERT INTO
    walking_information (id, pedestrian_id)
VALUES
    (
        '01JF789Z60JPH0V2B4SHKFMPH2',
        '01F8VYXK67BGC1F9RP1E4S9YAK'
    );

INSERT INTO
    walking_samples (
        id,
        is_converged,
        trajectory_id,
        walking_information_id
    )
VALUES
    (
        '01JF789Z60WPDZZ730HRX2P4T2',
        TRUE,
        '01JET1DV4WJ2EP78B8HAKK5SP0',
        '01JF789Z60JPH0V2B4SHKFMPH2'
    );

INSERT INTO
    estimated_positions (id, x, y, direction, walking_sample_id)
VALUES
    (
        '01JF789Z60CNX8GT912KQEPYSE',
        2650,
        350,
        180,
        '01JF789Z60WPDZZ730HRX2P4T2'
    );

INSERT INTO
    correct_positions (id, x, y, direction, trajectory_id)
VALUES
    (
        '01JF789Z60Y16CW1X3DZ7F03G5',
        2650,
        350,
        180,
        '01JET1DV4WJ2EP78B8HAKK5SP0'
    );

INSERT INTO
    walking_information (id, pedestrian_id)
VALUES
    (
        '01JF789Z60EVNRKF5T9EFZCG58',
        '01F8VYXK67BGC1F9RP1E4S9YAK'
    );

INSERT INTO
    walking_samples (
        id,
        is_converged,
        trajectory_id,
        walking_information_id
    )
VALUES
    (
        '01JF789Z60QYAX9ZV1W61635ZK',
        TRUE,
        '01JET1DV4WJ2EP78B8HAKK5SP0',
        '01JF789Z60EVNRKF5T9EFZCG58'
    );

INSERT INTO
    estimated_positions (id, x, y, direction, walking_sample_id)
VALUES
    (
        '01JF789Z606HVHSDWTZDGQE8N6',
        2650,
        410,
        180,
        '01JF789Z60QYAX9ZV1W61635ZK'
    );

INSERT INTO
    correct_positions (id, x, y, direction, trajectory_id)
VALUES
    (
        '01JF789Z609S20YNY7XB7CJ7Y0',
        2650,
        410,
        180,
        '01JET1DV4WJ2EP78B8HAKK5SP0'
    );

INSERT INTO
    walking_information (id, pedestrian_id)
VALUES
    (
        '01JF789Z60SY2TNSZWF4AZ22ZE',
        '01F8VYXK67BGC1F9RP1E4S9YAK'
    );

INSERT INTO
    walking_samples (
        id,
        is_converged,
        trajectory_id,
        walking_information_id
    )
VALUES
    (
        '01JF789Z6085BC3Q37M86ZAE12',
        TRUE,
        '01JET1DV4WJ2EP78B8HAKK5SP0',
        '01JF789Z60SY2TNSZWF4AZ22ZE'
    );

INSERT INTO
    estimated_positions (id, x, y, direction, walking_sample_id)
VALUES
    (
        '01JF789Z60B1ZNVFPDG7562J86',
        2650,
        470,
        180,
        '01JF789Z6085BC3Q37M86ZAE12'
    );

INSERT INTO
    correct_positions (id, x, y, direction, trajectory_id)
VALUES
    (
        '01JF789Z60WT4YCEK54YVRQQXZ',
        2650,
        470,
        180,
        '01JET1DV4WJ2EP78B8HAKK5SP0'
    );

INSERT INTO
    walking_information (id, pedestrian_id)
VALUES
    (
        '01JF789Z60DP22MTRQ91GSKN5Q',
        '01F8VYXK67BGC1F9RP1E4S9YAK'
    );

INSERT INTO
    walking_samples (
        id,
        is_converged,
        trajectory_id,
        walking_information_id
    )
VALUES
    (
        '01JF789Z608X6AE6GJ9QSP7WPA',
        TRUE,
        '01JET1DV4WJ2EP78B8HAKK5SP0',
        '01JF789Z60DP22MTRQ91GSKN5Q'
    );

INSERT INTO
    estimated_positions (id, x, y, direction, walking_sample_id)
VALUES
    (
        '01JF789Z601DSPB2Z3H1KF2K55',
        2650,
        530,
        180,
        '01JF789Z608X6AE6GJ9QSP7WPA'
    );

INSERT INTO
    correct_positions (id, x, y, direction, trajectory_id)
VALUES
    (
        '01JF789Z60S00MFGF6RMGQWHVV',
        2650,
        530,
        180,
        '01JET1DV4WJ2EP78B8HAKK5SP0'
    );

INSERT INTO
    walking_information (id, pedestrian_id)
VALUES
    (
        '01JF789Z60F683W6ZPDHHDXXQQ',
        '01F8VYXK67BGC1F9RP1E4S9YAK'
    );

INSERT INTO
    walking_samples (
        id,
        is_converged,
        trajectory_id,
        walking_information_id
    )
VALUES
    (
        '01JF789Z6038X90MWH9EMTKNEZ',
        TRUE,
        '01JET1DV4WJ2EP78B8HAKK5SP0',
        '01JF789Z60F683W6ZPDHHDXXQQ'
    );

INSERT INTO
    estimated_positions (id, x, y, direction, walking_sample_id)
VALUES
    (
        '01JF789Z60X4WCJHSHDB1BXXYA',
        2650,
        590,
        180,
        '01JF789Z6038X90MWH9EMTKNEZ'
    );

INSERT INTO
    correct_positions (id, x, y, direction, trajectory_id)
VALUES
    (
        '01JF789Z60HQDS8029RS52RQPG',
        2650,
        590,
        180,
        '01JET1DV4WJ2EP78B8HAKK5SP0'
    );

INSERT INTO
    walking_information (id, pedestrian_id)
VALUES
    (
        '01JF789Z60JZ4THS8FF87FGTA1',
        '01F8VYXK67BGC1F9RP1E4S9YAK'
    );

INSERT INTO
    walking_samples (
        id,
        is_converged,
        trajectory_id,
        walking_information_id
    )
VALUES
    (
        '01JF789Z60EBHFDH8TFW9CYNVQ',
        TRUE,
        '01JET1DV4WJ2EP78B8HAKK5SP0',
        '01JF789Z60JZ4THS8FF87FGTA1'
    );

INSERT INTO
    estimated_positions (id, x, y, direction, walking_sample_id)
VALUES
    (
        '01JF789Z60ZSQ6Y9GQMC1AAT74',
        2650,
        650,
        180,
        '01JF789Z60EBHFDH8TFW9CYNVQ'
    );

INSERT INTO
    correct_positions (id, x, y, direction, trajectory_id)
VALUES
    (
        '01JF789Z60DEE33FRNBD7FA558',
        2650,
        650,
        180,
        '01JET1DV4WJ2EP78B8HAKK5SP0'
    );

INSERT INTO
    walking_information (id, pedestrian_id)
VALUES
    (
        '01JF789Z60015S71AHAYVSW1S0',
        '01F8VYXK67BGC1F9RP1E4S9YAK'
    );

INSERT INTO
    walking_samples (
        id,
        is_converged,
        trajectory_id,
        walking_information_id
    )
VALUES
    (
        '01JF789Z6069NR7JXVJQY98BV1',
        TRUE,
        '01JET1DV4WJ2EP78B8HAKK5SP0',
        '01JF789Z60015S71AHAYVSW1S0'
    );

INSERT INTO
    estimated_positions (id, x, y, direction, walking_sample_id)
VALUES
    (
        '01JF789Z60Z1DCWNY72MWH8MSH',
        2650,
        710,
        180,
        '01JF789Z6069NR7JXVJQY98BV1'
    );

INSERT INTO
    correct_positions (id, x, y, direction, trajectory_id)
VALUES
    (
        '01JF789Z60BPQ7NRWMGE0XY45T',
        2650,
        710,
        180,
        '01JET1DV4WJ2EP78B8HAKK5SP0'
    );

INSERT INTO
    walking_information (id, pedestrian_id)
VALUES
    (
        '01JF789Z607RV2Y7347Y3B2995',
        '01F8VYXK67BGC1F9RP1E4S9YAK'
    );

INSERT INTO
    walking_samples (
        id,
        is_converged,
        trajectory_id,
        walking_information_id
    )
VALUES
    (
        '01JF789Z60PVW42CA4F63QF64G',
        TRUE,
        '01JET1DV4WJ2EP78B8HAKK5SP0',
        '01JF789Z607RV2Y7347Y3B2995'
    );

INSERT INTO
    estimated_positions (id, x, y, direction, walking_sample_id)
VALUES
    (
        '01JF789Z60MCM3M0TS49B9FFP0',
        2650,
        770,
        180,
        '01JF789Z60PVW42CA4F63QF64G'
    );

INSERT INTO
    correct_positions (id, x, y, direction, trajectory_id)
VALUES
    (
        '01JF789Z602NM8Q1HY4TVN2GTP',
        2650,
        770,
        180,
        '01JET1DV4WJ2EP78B8HAKK5SP0'
    );

INSERT INTO
    walking_information (id, pedestrian_id)
VALUES
    (
        '01JF789Z6056E942RPEXFB75G3',
        '01F8VYXK67BGC1F9RP1E4S9YAK'
    );

INSERT INTO
    walking_samples (
        id,
        is_converged,
        trajectory_id,
        walking_information_id
    )
VALUES
    (
        '01JF789Z603E0NBJZE1VCJ4JEJ',
        TRUE,
        '01JET1DV4WJ2EP78B8HAKK5SP0',
        '01JF789Z6056E942RPEXFB75G3'
    );

INSERT INTO
    estimated_positions (id, x, y, direction, walking_sample_id)
VALUES
    (
        '01JF789Z606KNEKNR0MX7Y6PJT',
        2650,
        830,
        180,
        '01JF789Z603E0NBJZE1VCJ4JEJ'
    );

INSERT INTO
    correct_positions (id, x, y, direction, trajectory_id)
VALUES
    (
        '01JF789Z603ZMWBKAB3N66JD14',
        2650,
        830,
        180,
        '01JET1DV4WJ2EP78B8HAKK5SP0'
    );

INSERT INTO
    walking_information (id, pedestrian_id)
VALUES
    (
        '01JF789Z60TWRV0VVWF2FGSRYS',
        '01F8VYXK67BGC1F9RP1E4S9YAK'
    );

INSERT INTO
    walking_samples (
        id,
        is_converged,
        trajectory_id,
        walking_information_id
    )
VALUES
    (
        '01JF789Z60T67TKQXFHFPKJQ8B',
        TRUE,
        '01JET1DV4WJ2EP78B8HAKK5SP0',
        '01JF789Z60TWRV0VVWF2FGSRYS'
    );

INSERT INTO
    estimated_positions (id, x, y, direction, walking_sample_id)
VALUES
    (
        '01JF789Z602Z6BF7W9QRKQREPM',
        2650,
        890,
        180,
        '01JF789Z60T67TKQXFHFPKJQ8B'
    );

INSERT INTO
    correct_positions (id, x, y, direction, trajectory_id)
VALUES
    (
        '01JF789Z60ZSZGZNPSTA6AYKKH',
        2650,
        890,
        180,
        '01JET1DV4WJ2EP78B8HAKK5SP0'
    );

INSERT INTO
    walking_information (id, pedestrian_id)
VALUES
    (
        '01JF789Z60VTFBXMJDM6W6MX6J',
        '01F8VYXK67BGC1F9RP1E4S9YAK'
    );

INSERT INTO
    walking_samples (
        id,
        is_converged,
        trajectory_id,
        walking_information_id
    )
VALUES
    (
        '01JF789Z604A6JM3JPST9X4NJ7',
        TRUE,
        '01JET1DV4WJ2EP78B8HAKK5SP0',
        '01JF789Z60VTFBXMJDM6W6MX6J'
    );

INSERT INTO
    estimated_positions (id, x, y, direction, walking_sample_id)
VALUES
    (
        '01JF789Z60TB9BZ23C0BEM5H4W',
        2650,
        950,
        180,
        '01JF789Z604A6JM3JPST9X4NJ7'
    );

INSERT INTO
    correct_positions (id, x, y, direction, trajectory_id)
VALUES
    (
        '01JF789Z60PVBXC193WNXDSS2C',
        2650,
        950,
        180,
        '01JET1DV4WJ2EP78B8HAKK5SP0'
    );

INSERT INTO
    walking_information (id, pedestrian_id)
VALUES
    (
        '01JF789Z60MGVSEQ4EEMHJD6QH',
        '01F8VYXK67BGC1F9RP1E4S9YAK'
    );

INSERT INTO
    walking_samples (
        id,
        is_converged,
        trajectory_id,
        walking_information_id
    )
VALUES
    (
        '01JF789Z60PMTS7Q63CZ4XQP47',
        TRUE,
        '01JET1DV4WJ2EP78B8HAKK5SP0',
        '01JF789Z60MGVSEQ4EEMHJD6QH'
    );

INSERT INTO
    estimated_positions (id, x, y, direction, walking_sample_id)
VALUES
    (
        '01JF789Z602VAGFWG1EA9ZXVJX',
        2650,
        1010,
        180,
        '01JF789Z60PMTS7Q63CZ4XQP47'
    );

INSERT INTO
    correct_positions (id, x, y, direction, trajectory_id)
VALUES
    (
        '01JF789Z60381P0HHQF2H7HNBS',
        2650,
        1010,
        180,
        '01JET1DV4WJ2EP78B8HAKK5SP0'
    );

INSERT INTO
    walking_information (id, pedestrian_id)
VALUES
    (
        '01JF789Z60DP7D6ET727YAR1SE',
        '01F8VYXK67BGC1F9RP1E4S9YAK'
    );

INSERT INTO
    walking_samples (
        id,
        is_converged,
        trajectory_id,
        walking_information_id
    )
VALUES
    (
        '01JF789Z60BTCJ7D2CWWTRCKS5',
        TRUE,
        '01JET1DV4WJ2EP78B8HAKK5SP0',
        '01JF789Z60DP7D6ET727YAR1SE'
    );

INSERT INTO
    estimated_positions (id, x, y, direction, walking_sample_id)
VALUES
    (
        '01JF789Z60HW2MX3GVCHJVZSBT',
        2650,
        1070,
        180,
        '01JF789Z60BTCJ7D2CWWTRCKS5'
    );

INSERT INTO
    correct_positions (id, x, y, direction, trajectory_id)
VALUES
    (
        '01JF789Z60X52GGA0XDJXBMG5A',
        2650,
        1070,
        180,
        '01JET1DV4WJ2EP78B8HAKK5SP0'
    );

INSERT INTO
    walking_information (id, pedestrian_id)
VALUES
    (
        '01JF789Z60VTTSNZRVYCZS7GHQ',
        '01F8VYXK67BGC1F9RP1E4S9YAK'
    );

INSERT INTO
    walking_samples (
        id,
        is_converged,
        trajectory_id,
        walking_information_id
    )
VALUES
    (
        '01JF789Z60ER5WZ3BM3D9ZZ232',
        TRUE,
        '01JET1DV4WJ2EP78B8HAKK5SP0',
        '01JF789Z60VTTSNZRVYCZS7GHQ'
    );

INSERT INTO
    estimated_positions (id, x, y, direction, walking_sample_id)
VALUES
    (
        '01JF789Z6077THBH63H3HFHN73',
        2650,
        1100,
        270,
        '01JF789Z60ER5WZ3BM3D9ZZ232'
    );

INSERT INTO
    correct_positions (id, x, y, direction, trajectory_id)
VALUES
    (
        '01JF789Z608AKJZYBS1334825Y',
        2650,
        1100,
        270,
        '01JET1DV4WJ2EP78B8HAKK5SP0'
    );

INSERT INTO
    walking_information (id, pedestrian_id)
VALUES
    (
        '01JF789Z60B8YWV7VVCGKC0JSH',
        '01F8VYXK67BGC1F9RP1E4S9YAK'
    );

INSERT INTO
    walking_samples (
        id,
        is_converged,
        trajectory_id,
        walking_information_id
    )
VALUES
    (
        '01JF789Z603HVJ1H22F1TSC2GB',
        TRUE,
        '01JET1DV4WJ2EP78B8HAKK5SP0',
        '01JF789Z60B8YWV7VVCGKC0JSH'
    );

INSERT INTO
    estimated_positions (id, x, y, direction, walking_sample_id)
VALUES
    (
        '01JF789Z60BVRNP04JAXF3RSR9',
        2650,
        1100,
        270,
        '01JF789Z603HVJ1H22F1TSC2GB'
    );

INSERT INTO
    correct_positions (id, x, y, direction, trajectory_id)
VALUES
    (
        '01JF789Z6009NZBFKVHA1S3MYB',
        2650,
        1100,
        270,
        '01JET1DV4WJ2EP78B8HAKK5SP0'
    );

INSERT INTO
    walking_information (id, pedestrian_id)
VALUES
    (
        '01JF789Z60BFD1GV5H725TCMW5',
        '01F8VYXK67BGC1F9RP1E4S9YAK'
    );

INSERT INTO
    walking_samples (
        id,
        is_converged,
        trajectory_id,
        walking_information_id
    )
VALUES
    (
        '01JF789Z60JB41Y1QXK2V2JSQE',
        TRUE,
        '01JET1DV4WJ2EP78B8HAKK5SP0',
        '01JF789Z60BFD1GV5H725TCMW5'
    );

INSERT INTO
    estimated_positions (id, x, y, direction, walking_sample_id)
VALUES
    (
        '01JF789Z60Z27TBFWVWN3DK0X9',
        2590,
        1100,
        270,
        '01JF789Z60JB41Y1QXK2V2JSQE'
    );

INSERT INTO
    correct_positions (id, x, y, direction, trajectory_id)
VALUES
    (
        '01JF789Z600D1SCHG8SXRRCGRJ',
        2590,
        1100,
        270,
        '01JET1DV4WJ2EP78B8HAKK5SP0'
    );

INSERT INTO
    walking_information (id, pedestrian_id)
VALUES
    (
        '01JF789Z60N20JBRG5AHNY429W',
        '01F8VYXK67BGC1F9RP1E4S9YAK'
    );

INSERT INTO
    walking_samples (
        id,
        is_converged,
        trajectory_id,
        walking_information_id
    )
VALUES
    (
        '01JF789Z60E0XTDD8AJSXXPA9X',
        TRUE,
        '01JET1DV4WJ2EP78B8HAKK5SP0',
        '01JF789Z60N20JBRG5AHNY429W'
    );

INSERT INTO
    estimated_positions (id, x, y, direction, walking_sample_id)
VALUES
    (
        '01JF789Z60SCEARMXX2WEMBZDQ',
        2530,
        1100,
        270,
        '01JF789Z60E0XTDD8AJSXXPA9X'
    );

INSERT INTO
    correct_positions (id, x, y, direction, trajectory_id)
VALUES
    (
        '01JF789Z60V51DPNSBSR4JE23E',
        2530,
        1100,
        270,
        '01JET1DV4WJ2EP78B8HAKK5SP0'
    );

INSERT INTO
    walking_information (id, pedestrian_id)
VALUES
    (
        '01JF789Z60ANCFPFJAB5H6YHBH',
        '01F8VYXK67BGC1F9RP1E4S9YAK'
    );

INSERT INTO
    walking_samples (
        id,
        is_converged,
        trajectory_id,
        walking_information_id
    )
VALUES
    (
        '01JF789Z60NXC8B7RM546SWZJS',
        TRUE,
        '01JET1DV4WJ2EP78B8HAKK5SP0',
        '01JF789Z60ANCFPFJAB5H6YHBH'
    );

INSERT INTO
    estimated_positions (id, x, y, direction, walking_sample_id)
VALUES
    (
        '01JF789Z60BR7XBE1DK0QJZFW7',
        2470,
        1100,
        270,
        '01JF789Z60NXC8B7RM546SWZJS'
    );

INSERT INTO
    correct_positions (id, x, y, direction, trajectory_id)
VALUES
    (
        '01JF789Z604QDA5Y5F13VDBKNP',
        2470,
        1100,
        270,
        '01JET1DV4WJ2EP78B8HAKK5SP0'
    );

INSERT INTO
    walking_information (id, pedestrian_id)
VALUES
    (
        '01JF789Z60Z34GFCBN3D33KGRA',
        '01F8VYXK67BGC1F9RP1E4S9YAK'
    );

INSERT INTO
    walking_samples (
        id,
        is_converged,
        trajectory_id,
        walking_information_id
    )
VALUES
    (
        '01JF789Z60PCDJBASZJQNV0ESX',
        TRUE,
        '01JET1DV4WJ2EP78B8HAKK5SP0',
        '01JF789Z60Z34GFCBN3D33KGRA'
    );

INSERT INTO
    estimated_positions (id, x, y, direction, walking_sample_id)
VALUES
    (
        '01JF789Z601EMJ92CR6WDJZ0RQ',
        2410,
        1100,
        270,
        '01JF789Z60PCDJBASZJQNV0ESX'
    );

INSERT INTO
    correct_positions (id, x, y, direction, trajectory_id)
VALUES
    (
        '01JF789Z606GRC27JXKE652K82',
        2410,
        1100,
        270,
        '01JET1DV4WJ2EP78B8HAKK5SP0'
    );

INSERT INTO
    walking_information (id, pedestrian_id)
VALUES
    (
        '01JF789Z60ANZXGG2S2QJMGZ7Q',
        '01F8VYXK67BGC1F9RP1E4S9YAK'
    );

INSERT INTO
    walking_samples (
        id,
        is_converged,
        trajectory_id,
        walking_information_id
    )
VALUES
    (
        '01JF789Z60HXTNX7PZ91YRW7HZ',
        TRUE,
        '01JET1DV4WJ2EP78B8HAKK5SP0',
        '01JF789Z60ANZXGG2S2QJMGZ7Q'
    );

INSERT INTO
    estimated_positions (id, x, y, direction, walking_sample_id)
VALUES
    (
        '01JF789Z60FXN2136K2P0BYKTT',
        2350,
        1100,
        270,
        '01JF789Z60HXTNX7PZ91YRW7HZ'
    );

INSERT INTO
    correct_positions (id, x, y, direction, trajectory_id)
VALUES
    (
        '01JF789Z60R03KAW6QFG9CG1ME',
        2350,
        1100,
        270,
        '01JET1DV4WJ2EP78B8HAKK5SP0'
    );

INSERT INTO
    walking_information (id, pedestrian_id)
VALUES
    (
        '01JF789Z606WZYDT8CBRHAD7SD',
        '01F8VYXK67BGC1F9RP1E4S9YAK'
    );

INSERT INTO
    walking_samples (
        id,
        is_converged,
        trajectory_id,
        walking_information_id
    )
VALUES
    (
        '01JF789Z60SHDBF2CC2YJEE5EV',
        TRUE,
        '01JET1DV4WJ2EP78B8HAKK5SP0',
        '01JF789Z606WZYDT8CBRHAD7SD'
    );

INSERT INTO
    estimated_positions (id, x, y, direction, walking_sample_id)
VALUES
    (
        '01JF789Z609JTWV3B3FCGTNV7G',
        2290,
        1100,
        270,
        '01JF789Z60SHDBF2CC2YJEE5EV'
    );

INSERT INTO
    correct_positions (id, x, y, direction, trajectory_id)
VALUES
    (
        '01JF789Z60VG9VAF2H4HHT0D9W',
        2290,
        1100,
        270,
        '01JET1DV4WJ2EP78B8HAKK5SP0'
    );

INSERT INTO
    walking_information (id, pedestrian_id)
VALUES
    (
        '01JF789Z608V0XDRADQNFHF0Y0',
        '01F8VYXK67BGC1F9RP1E4S9YAK'
    );

INSERT INTO
    walking_samples (
        id,
        is_converged,
        trajectory_id,
        walking_information_id
    )
VALUES
    (
        '01JF789Z60QW5Q39535ZD8M2KA',
        TRUE,
        '01JET1DV4WJ2EP78B8HAKK5SP0',
        '01JF789Z608V0XDRADQNFHF0Y0'
    );

INSERT INTO
    estimated_positions (id, x, y, direction, walking_sample_id)
VALUES
    (
        '01JF789Z604NPP4YPM37G9VSKX',
        2230,
        1100,
        270,
        '01JF789Z60QW5Q39535ZD8M2KA'
    );

INSERT INTO
    correct_positions (id, x, y, direction, trajectory_id)
VALUES
    (
        '01JF789Z60365E0SCK147BFZ2H',
        2230,
        1100,
        270,
        '01JET1DV4WJ2EP78B8HAKK5SP0'
    );

INSERT INTO
    walking_information (id, pedestrian_id)
VALUES
    (
        '01JF789Z6080A68Z1Y33F50HAV',
        '01F8VYXK67BGC1F9RP1E4S9YAK'
    );

INSERT INTO
    walking_samples (
        id,
        is_converged,
        trajectory_id,
        walking_information_id
    )
VALUES
    (
        '01JF789Z60Z3D6YW1HC0S15YNX',
        TRUE,
        '01JET1DV4WJ2EP78B8HAKK5SP0',
        '01JF789Z6080A68Z1Y33F50HAV'
    );

INSERT INTO
    estimated_positions (id, x, y, direction, walking_sample_id)
VALUES
    (
        '01JF789Z60K4N3XBXK6HA67E0S',
        2170,
        1100,
        270,
        '01JF789Z60Z3D6YW1HC0S15YNX'
    );

INSERT INTO
    correct_positions (id, x, y, direction, trajectory_id)
VALUES
    (
        '01JF789Z602X1TWAQPE0Z758VX',
        2170,
        1100,
        270,
        '01JET1DV4WJ2EP78B8HAKK5SP0'
    );

INSERT INTO
    walking_information (id, pedestrian_id)
VALUES
    (
        '01JF789Z60BXKCC6FQ85ACSDJD',
        '01F8VYXK67BGC1F9RP1E4S9YAK'
    );

INSERT INTO
    walking_samples (
        id,
        is_converged,
        trajectory_id,
        walking_information_id
    )
VALUES
    (
        '01JF789Z60Y2JTGR06T3HAM582',
        TRUE,
        '01JET1DV4WJ2EP78B8HAKK5SP0',
        '01JF789Z60BXKCC6FQ85ACSDJD'
    );

INSERT INTO
    estimated_positions (id, x, y, direction, walking_sample_id)
VALUES
    (
        '01JF789Z6031YK1TBKQVVE8Y14',
        2110,
        1100,
        270,
        '01JF789Z60Y2JTGR06T3HAM582'
    );

INSERT INTO
    correct_positions (id, x, y, direction, trajectory_id)
VALUES
    (
        '01JF789Z60ZG5SDANWE794DA69',
        2110,
        1100,
        270,
        '01JET1DV4WJ2EP78B8HAKK5SP0'
    );

INSERT INTO
    walking_information (id, pedestrian_id)
VALUES
    (
        '01JF789Z60SHTDB8F7PV29BVJE',
        '01F8VYXK67BGC1F9RP1E4S9YAK'
    );

INSERT INTO
    walking_samples (
        id,
        is_converged,
        trajectory_id,
        walking_information_id
    )
VALUES
    (
        '01JF789Z60DJNZJ3BKJ1R5DF9Y',
        TRUE,
        '01JET1DV4WJ2EP78B8HAKK5SP0',
        '01JF789Z60SHTDB8F7PV29BVJE'
    );

INSERT INTO
    estimated_positions (id, x, y, direction, walking_sample_id)
VALUES
    (
        '01JF789Z60N3E7DRCWFQND6VQK',
        2050,
        1100,
        270,
        '01JF789Z60DJNZJ3BKJ1R5DF9Y'
    );

INSERT INTO
    correct_positions (id, x, y, direction, trajectory_id)
VALUES
    (
        '01JF789Z60SK697B7HKSQB7HAW',
        2050,
        1100,
        270,
        '01JET1DV4WJ2EP78B8HAKK5SP0'
    );

INSERT INTO
    walking_information (id, pedestrian_id)
VALUES
    (
        '01JF789Z61MSPNANRGF6BNV013',
        '01F8VYXK67BGC1F9RP1E4S9YAK'
    );

INSERT INTO
    walking_samples (
        id,
        is_converged,
        trajectory_id,
        walking_information_id
    )
VALUES
    (
        '01JF789Z61X1GGSVB7PHCS53VN',
        TRUE,
        '01JET1DV4WJ2EP78B8HAKK5SP0',
        '01JF789Z61MSPNANRGF6BNV013'
    );

INSERT INTO
    estimated_positions (id, x, y, direction, walking_sample_id)
VALUES
    (
        '01JF789Z61W8764TF55MK4HA84',
        1990,
        1100,
        270,
        '01JF789Z61X1GGSVB7PHCS53VN'
    );

INSERT INTO
    correct_positions (id, x, y, direction, trajectory_id)
VALUES
    (
        '01JF789Z61TGM07HMG8AP4D02N',
        1990,
        1100,
        270,
        '01JET1DV4WJ2EP78B8HAKK5SP0'
    );

INSERT INTO
    walking_information (id, pedestrian_id)
VALUES
    (
        '01JF789Z61QF8487DPWA3HW724',
        '01F8VYXK67BGC1F9RP1E4S9YAK'
    );

INSERT INTO
    walking_samples (
        id,
        is_converged,
        trajectory_id,
        walking_information_id
    )
VALUES
    (
        '01JF789Z613RP0C5ZE2WXHMDF9',
        TRUE,
        '01JET1DV4WJ2EP78B8HAKK5SP0',
        '01JF789Z61QF8487DPWA3HW724'
    );

INSERT INTO
    estimated_positions (id, x, y, direction, walking_sample_id)
VALUES
    (
        '01JF789Z617D33Q6T5HZ7ND85P',
        1930,
        1100,
        270,
        '01JF789Z613RP0C5ZE2WXHMDF9'
    );

INSERT INTO
    correct_positions (id, x, y, direction, trajectory_id)
VALUES
    (
        '01JF789Z610W8TDJAZ5NRZR5KD',
        1930,
        1100,
        270,
        '01JET1DV4WJ2EP78B8HAKK5SP0'
    );

INSERT INTO
    walking_information (id, pedestrian_id)
VALUES
    (
        '01JF789Z61P3TTT45QMCYD3BM3',
        '01F8VYXK67BGC1F9RP1E4S9YAK'
    );

INSERT INTO
    walking_samples (
        id,
        is_converged,
        trajectory_id,
        walking_information_id
    )
VALUES
    (
        '01JF789Z61NS6S3Z9EFMK7XTF9',
        TRUE,
        '01JET1DV4WJ2EP78B8HAKK5SP0',
        '01JF789Z61P3TTT45QMCYD3BM3'
    );

INSERT INTO
    estimated_positions (id, x, y, direction, walking_sample_id)
VALUES
    (
        '01JF789Z61R57DJ1QG4KDP49SS',
        1870,
        1100,
        270,
        '01JF789Z61NS6S3Z9EFMK7XTF9'
    );

INSERT INTO
    correct_positions (id, x, y, direction, trajectory_id)
VALUES
    (
        '01JF789Z61CBW083EHY5NMYTXC',
        1870,
        1100,
        270,
        '01JET1DV4WJ2EP78B8HAKK5SP0'
    );

INSERT INTO
    walking_information (id, pedestrian_id)
VALUES
    (
        '01JF789Z61Y1NHMBD0V8DQFVD7',
        '01F8VYXK67BGC1F9RP1E4S9YAK'
    );

INSERT INTO
    walking_samples (
        id,
        is_converged,
        trajectory_id,
        walking_information_id
    )
VALUES
    (
        '01JF789Z617AYM7Z2MKXGBN822',
        TRUE,
        '01JET1DV4WJ2EP78B8HAKK5SP0',
        '01JF789Z61Y1NHMBD0V8DQFVD7'
    );

INSERT INTO
    estimated_positions (id, x, y, direction, walking_sample_id)
VALUES
    (
        '01JF789Z61R3BP0ZC39W780J4N',
        1810,
        1100,
        270,
        '01JF789Z617AYM7Z2MKXGBN822'
    );

INSERT INTO
    correct_positions (id, x, y, direction, trajectory_id)
VALUES
    (
        '01JF789Z61A8ADG119EF72JGQA',
        1810,
        1100,
        270,
        '01JET1DV4WJ2EP78B8HAKK5SP0'
    );

INSERT INTO
    walking_information (id, pedestrian_id)
VALUES
    (
        '01JF789Z617NXS7B2JJQSBVN42',
        '01F8VYXK67BGC1F9RP1E4S9YAK'
    );

INSERT INTO
    walking_samples (
        id,
        is_converged,
        trajectory_id,
        walking_information_id
    )
VALUES
    (
        '01JF789Z61XDPP6W2MBK7CYTAE',
        TRUE,
        '01JET1DV4WJ2EP78B8HAKK5SP0',
        '01JF789Z617NXS7B2JJQSBVN42'
    );

INSERT INTO
    estimated_positions (id, x, y, direction, walking_sample_id)
VALUES
    (
        '01JF789Z61ERAA87KDPPBWYEBK',
        1750,
        1100,
        270,
        '01JF789Z61XDPP6W2MBK7CYTAE'
    );

INSERT INTO
    correct_positions (id, x, y, direction, trajectory_id)
VALUES
    (
        '01JF789Z61VGEFHEXN4BBS9FMY',
        1750,
        1100,
        270,
        '01JET1DV4WJ2EP78B8HAKK5SP0'
    );

INSERT INTO
    walking_information (id, pedestrian_id)
VALUES
    (
        '01JF789Z6103M9NQHMMAVZA8XA',
        '01F8VYXK67BGC1F9RP1E4S9YAK'
    );

INSERT INTO
    walking_samples (
        id,
        is_converged,
        trajectory_id,
        walking_information_id
    )
VALUES
    (
        '01JF789Z614PSHDYSN4D4N15PA',
        TRUE,
        '01JET1DV4WJ2EP78B8HAKK5SP0',
        '01JF789Z6103M9NQHMMAVZA8XA'
    );

INSERT INTO
    estimated_positions (id, x, y, direction, walking_sample_id)
VALUES
    (
        '01JF789Z6110MRBB7KWTMKH4Z7',
        1690,
        1100,
        270,
        '01JF789Z614PSHDYSN4D4N15PA'
    );

INSERT INTO
    correct_positions (id, x, y, direction, trajectory_id)
VALUES
    (
        '01JF789Z618ZFDF6YJRTCM9DR3',
        1690,
        1100,
        270,
        '01JET1DV4WJ2EP78B8HAKK5SP0'
    );

INSERT INTO
    walking_information (id, pedestrian_id)
VALUES
    (
        '01JF789Z61MTM6RYNB3T3W3H6C',
        '01F8VYXK67BGC1F9RP1E4S9YAK'
    );

INSERT INTO
    walking_samples (
        id,
        is_converged,
        trajectory_id,
        walking_information_id
    )
VALUES
    (
        '01JF789Z612AFW3CZ6TTMHV9F8',
        TRUE,
        '01JET1DV4WJ2EP78B8HAKK5SP0',
        '01JF789Z61MTM6RYNB3T3W3H6C'
    );

INSERT INTO
    estimated_positions (id, x, y, direction, walking_sample_id)
VALUES
    (
        '01JF789Z616QSKXSK791Y9ZG1P',
        1630,
        1100,
        270,
        '01JF789Z612AFW3CZ6TTMHV9F8'
    );

INSERT INTO
    correct_positions (id, x, y, direction, trajectory_id)
VALUES
    (
        '01JF789Z617JGB1H9ACBY58HC2',
        1630,
        1100,
        270,
        '01JET1DV4WJ2EP78B8HAKK5SP0'
    );

INSERT INTO
    walking_information (id, pedestrian_id)
VALUES
    (
        '01JF789Z61EFCKYPSQRGY0SNKG',
        '01F8VYXK67BGC1F9RP1E4S9YAK'
    );

INSERT INTO
    walking_samples (
        id,
        is_converged,
        trajectory_id,
        walking_information_id
    )
VALUES
    (
        '01JF789Z61TYJMDQ2GZ13JB5BM',
        TRUE,
        '01JET1DV4WJ2EP78B8HAKK5SP0',
        '01JF789Z61EFCKYPSQRGY0SNKG'
    );

INSERT INTO
    estimated_positions (id, x, y, direction, walking_sample_id)
VALUES
    (
        '01JF789Z61S15D3V1N721VNC9Q',
        1570,
        1100,
        270,
        '01JF789Z61TYJMDQ2GZ13JB5BM'
    );

INSERT INTO
    correct_positions (id, x, y, direction, trajectory_id)
VALUES
    (
        '01JF789Z61YB8FZT5HXH9N70M1',
        1570,
        1100,
        270,
        '01JET1DV4WJ2EP78B8HAKK5SP0'
    );

INSERT INTO
    walking_information (id, pedestrian_id)
VALUES
    (
        '01JF789Z613BV3F2A25AA7F2M1',
        '01F8VYXK67BGC1F9RP1E4S9YAK'
    );

INSERT INTO
    walking_samples (
        id,
        is_converged,
        trajectory_id,
        walking_information_id
    )
VALUES
    (
        '01JF789Z6108EGBM2TFPCCYE3P',
        TRUE,
        '01JET1DV4WJ2EP78B8HAKK5SP0',
        '01JF789Z613BV3F2A25AA7F2M1'
    );

INSERT INTO
    estimated_positions (id, x, y, direction, walking_sample_id)
VALUES
    (
        '01JF789Z61E82PMS8MEP2SANN8',
        1510,
        1100,
        270,
        '01JF789Z6108EGBM2TFPCCYE3P'
    );

INSERT INTO
    correct_positions (id, x, y, direction, trajectory_id)
VALUES
    (
        '01JF789Z61QJYCGSNDGBXBWWA7',
        1510,
        1100,
        270,
        '01JET1DV4WJ2EP78B8HAKK5SP0'
    );

INSERT INTO
    walking_information (id, pedestrian_id)
VALUES
    (
        '01JF789Z61Q64TFNZNQYXDTWTX',
        '01F8VYXK67BGC1F9RP1E4S9YAK'
    );

INSERT INTO
    walking_samples (
        id,
        is_converged,
        trajectory_id,
        walking_information_id
    )
VALUES
    (
        '01JF789Z613K98A8K50AJ720R4',
        TRUE,
        '01JET1DV4WJ2EP78B8HAKK5SP0',
        '01JF789Z61Q64TFNZNQYXDTWTX'
    );

INSERT INTO
    estimated_positions (id, x, y, direction, walking_sample_id)
VALUES
    (
        '01JF789Z61WPJWFBBQVNSHZFZ8',
        1450,
        1100,
        270,
        '01JF789Z613K98A8K50AJ720R4'
    );

INSERT INTO
    correct_positions (id, x, y, direction, trajectory_id)
VALUES
    (
        '01JF789Z61NXJ7ZJ5EXS7GQCTW',
        1450,
        1100,
        270,
        '01JET1DV4WJ2EP78B8HAKK5SP0'
    );

INSERT INTO
    walking_information (id, pedestrian_id)
VALUES
    (
        '01JF789Z61X5F3TKXSPAMSGXNB',
        '01F8VYXK67BGC1F9RP1E4S9YAK'
    );

INSERT INTO
    walking_samples (
        id,
        is_converged,
        trajectory_id,
        walking_information_id
    )
VALUES
    (
        '01JF789Z6169CSTQYX9YHNWHYS',
        TRUE,
        '01JET1DV4WJ2EP78B8HAKK5SP0',
        '01JF789Z61X5F3TKXSPAMSGXNB'
    );

INSERT INTO
    estimated_positions (id, x, y, direction, walking_sample_id)
VALUES
    (
        '01JF789Z61YYK63SNGJ503MXV8',
        1390,
        1100,
        270,
        '01JF789Z6169CSTQYX9YHNWHYS'
    );

INSERT INTO
    correct_positions (id, x, y, direction, trajectory_id)
VALUES
    (
        '01JF789Z61597DHARM3YZDWD5H',
        1390,
        1100,
        270,
        '01JET1DV4WJ2EP78B8HAKK5SP0'
    );

INSERT INTO
    walking_information (id, pedestrian_id)
VALUES
    (
        '01JF789Z614C30GSTP6A160V9T',
        '01F8VYXK67BGC1F9RP1E4S9YAK'
    );

INSERT INTO
    walking_samples (
        id,
        is_converged,
        trajectory_id,
        walking_information_id
    )
VALUES
    (
        '01JF789Z61Y2HV8EQETYSGF6G4',
        TRUE,
        '01JET1DV4WJ2EP78B8HAKK5SP0',
        '01JF789Z614C30GSTP6A160V9T'
    );

INSERT INTO
    estimated_positions (id, x, y, direction, walking_sample_id)
VALUES
    (
        '01JF789Z61D53Z6346DGZFZ35D',
        1330,
        1100,
        270,
        '01JF789Z61Y2HV8EQETYSGF6G4'
    );

INSERT INTO
    correct_positions (id, x, y, direction, trajectory_id)
VALUES
    (
        '01JF789Z61NEAEJG4C3Q05GDQ1',
        1330,
        1100,
        270,
        '01JET1DV4WJ2EP78B8HAKK5SP0'
    );

INSERT INTO
    walking_information (id, pedestrian_id)
VALUES
    (
        '01JF789Z61E3V4V3TY6BSJCC1R',
        '01F8VYXK67BGC1F9RP1E4S9YAK'
    );

INSERT INTO
    walking_samples (
        id,
        is_converged,
        trajectory_id,
        walking_information_id
    )
VALUES
    (
        '01JF789Z61WD5AY4QD2XGF2TXF',
        TRUE,
        '01JET1DV4WJ2EP78B8HAKK5SP0',
        '01JF789Z61E3V4V3TY6BSJCC1R'
    );

INSERT INTO
    estimated_positions (id, x, y, direction, walking_sample_id)
VALUES
    (
        '01JF789Z61HC1XP2SCV0B7Z9B4',
        1270,
        1100,
        270,
        '01JF789Z61WD5AY4QD2XGF2TXF'
    );

INSERT INTO
    correct_positions (id, x, y, direction, trajectory_id)
VALUES
    (
        '01JF789Z61PMMVNCA96WSZDEPF',
        1270,
        1100,
        270,
        '01JET1DV4WJ2EP78B8HAKK5SP0'
    );

INSERT INTO
    walking_information (id, pedestrian_id)
VALUES
    (
        '01JF789Z613XPB567G96B1EC2S',
        '01F8VYXK67BGC1F9RP1E4S9YAK'
    );

INSERT INTO
    walking_samples (
        id,
        is_converged,
        trajectory_id,
        walking_information_id
    )
VALUES
    (
        '01JF789Z61S2EHA7M2R10JSSKS',
        TRUE,
        '01JET1DV4WJ2EP78B8HAKK5SP0',
        '01JF789Z613XPB567G96B1EC2S'
    );

INSERT INTO
    estimated_positions (id, x, y, direction, walking_sample_id)
VALUES
    (
        '01JF789Z61PB8E2J4PT228FARH',
        1210,
        1100,
        270,
        '01JF789Z61S2EHA7M2R10JSSKS'
    );

INSERT INTO
    correct_positions (id, x, y, direction, trajectory_id)
VALUES
    (
        '01JF789Z61PGE97SF0YXD8MSSA',
        1210,
        1100,
        270,
        '01JET1DV4WJ2EP78B8HAKK5SP0'
    );

INSERT INTO
    walking_information (id, pedestrian_id)
VALUES
    (
        '01JF789Z6133GD3MP1NPQQAJXJ',
        '01F8VYXK67BGC1F9RP1E4S9YAK'
    );

INSERT INTO
    walking_samples (
        id,
        is_converged,
        trajectory_id,
        walking_information_id
    )
VALUES
    (
        '01JF789Z615567TQWSBNC02K4K',
        TRUE,
        '01JET1DV4WJ2EP78B8HAKK5SP0',
        '01JF789Z6133GD3MP1NPQQAJXJ'
    );

INSERT INTO
    estimated_positions (id, x, y, direction, walking_sample_id)
VALUES
    (
        '01JF789Z61GT5C59AVWKFF0R4E',
        1150,
        1100,
        270,
        '01JF789Z615567TQWSBNC02K4K'
    );

INSERT INTO
    correct_positions (id, x, y, direction, trajectory_id)
VALUES
    (
        '01JF789Z61EDMR14R5JK72NGV9',
        1150,
        1100,
        270,
        '01JET1DV4WJ2EP78B8HAKK5SP0'
    );

INSERT INTO
    walking_information (id, pedestrian_id)
VALUES
    (
        '01JF789Z61YSZGPK6DVW8WQMZB',
        '01F8VYXK67BGC1F9RP1E4S9YAK'
    );

INSERT INTO
    walking_samples (
        id,
        is_converged,
        trajectory_id,
        walking_information_id
    )
VALUES
    (
        '01JF789Z61K5EWJ325MJDQ3DQV',
        TRUE,
        '01JET1DV4WJ2EP78B8HAKK5SP0',
        '01JF789Z61YSZGPK6DVW8WQMZB'
    );

INSERT INTO
    estimated_positions (id, x, y, direction, walking_sample_id)
VALUES
    (
        '01JF789Z619XSNBXBNXD6KVYVH',
        1090,
        1100,
        270,
        '01JF789Z61K5EWJ325MJDQ3DQV'
    );

INSERT INTO
    correct_positions (id, x, y, direction, trajectory_id)
VALUES
    (
        '01JF789Z615FNNJRRCPJA3452M',
        1090,
        1100,
        270,
        '01JET1DV4WJ2EP78B8HAKK5SP0'
    );

INSERT INTO
    walking_information (id, pedestrian_id)
VALUES
    (
        '01JF789Z6166B45472KKQWPF3X',
        '01F8VYXK67BGC1F9RP1E4S9YAK'
    );

INSERT INTO
    walking_samples (
        id,
        is_converged,
        trajectory_id,
        walking_information_id
    )
VALUES
    (
        '01JF789Z61DX7EQ85QV6DH59V3',
        TRUE,
        '01JET1DV4WJ2EP78B8HAKK5SP0',
        '01JF789Z6166B45472KKQWPF3X'
    );

INSERT INTO
    estimated_positions (id, x, y, direction, walking_sample_id)
VALUES
    (
        '01JF789Z61DXWSK9J0C1E9YR4Y',
        1030,
        1100,
        270,
        '01JF789Z61DX7EQ85QV6DH59V3'
    );

INSERT INTO
    correct_positions (id, x, y, direction, trajectory_id)
VALUES
    (
        '01JF789Z619V6BXK6WYJ8VPFXH',
        1030,
        1100,
        270,
        '01JET1DV4WJ2EP78B8HAKK5SP0'
    );

INSERT INTO
    walking_information (id, pedestrian_id)
VALUES
    (
        '01JF789Z61PHK16XMJHF0E9WYA',
        '01F8VYXK67BGC1F9RP1E4S9YAK'
    );

INSERT INTO
    walking_samples (
        id,
        is_converged,
        trajectory_id,
        walking_information_id
    )
VALUES
    (
        '01JF789Z61S1QGY3T0XFQVWPWG',
        TRUE,
        '01JET1DV4WJ2EP78B8HAKK5SP0',
        '01JF789Z61PHK16XMJHF0E9WYA'
    );

INSERT INTO
    estimated_positions (id, x, y, direction, walking_sample_id)
VALUES
    (
        '01JF789Z61C72S703GTWQKEC0M',
        970,
        1100,
        270,
        '01JF789Z61S1QGY3T0XFQVWPWG'
    );

INSERT INTO
    correct_positions (id, x, y, direction, trajectory_id)
VALUES
    (
        '01JF789Z61H2TMJVQ9829Z8AN6',
        970,
        1100,
        270,
        '01JET1DV4WJ2EP78B8HAKK5SP0'
    );

INSERT INTO
    walking_information (id, pedestrian_id)
VALUES
    (
        '01JF789Z611JWBJ7WPXK2ZGKW0',
        '01F8VYXK67BGC1F9RP1E4S9YAK'
    );

INSERT INTO
    walking_samples (
        id,
        is_converged,
        trajectory_id,
        walking_information_id
    )
VALUES
    (
        '01JF789Z6114MJKM4H8Y22Z41A',
        TRUE,
        '01JET1DV4WJ2EP78B8HAKK5SP0',
        '01JF789Z611JWBJ7WPXK2ZGKW0'
    );

INSERT INTO
    estimated_positions (id, x, y, direction, walking_sample_id)
VALUES
    (
        '01JF789Z612GBQ8NMMTTBE8TSW',
        910,
        1100,
        270,
        '01JF789Z6114MJKM4H8Y22Z41A'
    );

INSERT INTO
    correct_positions (id, x, y, direction, trajectory_id)
VALUES
    (
        '01JF789Z6171WVZYXVAQ0F5FBX',
        910,
        1100,
        270,
        '01JET1DV4WJ2EP78B8HAKK5SP0'
    );

INSERT INTO
    walking_information (id, pedestrian_id)
VALUES
    (
        '01JF789Z61JPQ6CJ9NQSD1Y40W',
        '01F8VYXK67BGC1F9RP1E4S9YAK'
    );

INSERT INTO
    walking_samples (
        id,
        is_converged,
        trajectory_id,
        walking_information_id
    )
VALUES
    (
        '01JF789Z619XJJJW78GJ1C8HC5',
        TRUE,
        '01JET1DV4WJ2EP78B8HAKK5SP0',
        '01JF789Z61JPQ6CJ9NQSD1Y40W'
    );

INSERT INTO
    estimated_positions (id, x, y, direction, walking_sample_id)
VALUES
    (
        '01JF789Z61YRSTS6GQFP03YR34',
        850,
        1100,
        270,
        '01JF789Z619XJJJW78GJ1C8HC5'
    );

INSERT INTO
    correct_positions (id, x, y, direction, trajectory_id)
VALUES
    (
        '01JF789Z61SM8THZ99WPMZHYS2',
        850,
        1100,
        270,
        '01JET1DV4WJ2EP78B8HAKK5SP0'
    );

INSERT INTO
    walking_information (id, pedestrian_id)
VALUES
    (
        '01JF789Z61VQDM7AY056XN9YXJ',
        '01F8VYXK67BGC1F9RP1E4S9YAK'
    );

INSERT INTO
    walking_samples (
        id,
        is_converged,
        trajectory_id,
        walking_information_id
    )
VALUES
    (
        '01JF789Z617G0MCKF52W2NJ6FK',
        TRUE,
        '01JET1DV4WJ2EP78B8HAKK5SP0',
        '01JF789Z61VQDM7AY056XN9YXJ'
    );

INSERT INTO
    estimated_positions (id, x, y, direction, walking_sample_id)
VALUES
    (
        '01JF789Z61A6DNYHTFSNJ36JVQ',
        790,
        1100,
        270,
        '01JF789Z617G0MCKF52W2NJ6FK'
    );

INSERT INTO
    correct_positions (id, x, y, direction, trajectory_id)
VALUES
    (
        '01JF789Z61W9VT3MYD36BCV0QY',
        790,
        1100,
        270,
        '01JET1DV4WJ2EP78B8HAKK5SP0'
    );

INSERT INTO
    walking_information (id, pedestrian_id)
VALUES
    (
        '01JF789Z61RJACNKT67ME3BN9D',
        '01F8VYXK67BGC1F9RP1E4S9YAK'
    );

INSERT INTO
    walking_samples (
        id,
        is_converged,
        trajectory_id,
        walking_information_id
    )
VALUES
    (
        '01JF789Z61636BY6N6XSQ6HT54',
        TRUE,
        '01JET1DV4WJ2EP78B8HAKK5SP0',
        '01JF789Z61RJACNKT67ME3BN9D'
    );

INSERT INTO
    estimated_positions (id, x, y, direction, walking_sample_id)
VALUES
    (
        '01JF789Z617FV7E2MEC78495MW',
        730,
        1100,
        270,
        '01JF789Z61636BY6N6XSQ6HT54'
    );

INSERT INTO
    correct_positions (id, x, y, direction, trajectory_id)
VALUES
    (
        '01JF789Z61VC2KM7YV2HSWE8NA',
        730,
        1100,
        270,
        '01JET1DV4WJ2EP78B8HAKK5SP0'
    );

INSERT INTO
    walking_information (id, pedestrian_id)
VALUES
    (
        '01JF789Z61Y604CT4QR2SXRNRJ',
        '01F8VYXK67BGC1F9RP1E4S9YAK'
    );

INSERT INTO
    walking_samples (
        id,
        is_converged,
        trajectory_id,
        walking_information_id
    )
VALUES
    (
        '01JF789Z6105TDS72FXEEN2W0X',
        TRUE,
        '01JET1DV4WJ2EP78B8HAKK5SP0',
        '01JF789Z61Y604CT4QR2SXRNRJ'
    );

INSERT INTO
    estimated_positions (id, x, y, direction, walking_sample_id)
VALUES
    (
        '01JF789Z61HXF6KKBNCV8A26HR',
        670,
        1100,
        270,
        '01JF789Z6105TDS72FXEEN2W0X'
    );

INSERT INTO
    correct_positions (id, x, y, direction, trajectory_id)
VALUES
    (
        '01JF789Z61AXJS5MZ3663V53P3',
        670,
        1100,
        270,
        '01JET1DV4WJ2EP78B8HAKK5SP0'
    );

INSERT INTO
    walking_information (id, pedestrian_id)
VALUES
    (
        '01JF789Z61T77EGDWNBXZWHADK',
        '01F8VYXK67BGC1F9RP1E4S9YAK'
    );

INSERT INTO
    walking_samples (
        id,
        is_converged,
        trajectory_id,
        walking_information_id
    )
VALUES
    (
        '01JF789Z618E07EF5ZB1FJD9HW',
        TRUE,
        '01JET1DV4WJ2EP78B8HAKK5SP0',
        '01JF789Z61T77EGDWNBXZWHADK'
    );

INSERT INTO
    estimated_positions (id, x, y, direction, walking_sample_id)
VALUES
    (
        '01JF789Z611TM3YKK1QXA41P3K',
        610,
        1100,
        270,
        '01JF789Z618E07EF5ZB1FJD9HW'
    );

INSERT INTO
    correct_positions (id, x, y, direction, trajectory_id)
VALUES
    (
        '01JF789Z6137S66NMA9WXWPRKR',
        610,
        1100,
        270,
        '01JET1DV4WJ2EP78B8HAKK5SP0'
    );

INSERT INTO
    walking_information (id, pedestrian_id)
VALUES
    (
        '01JF789Z61HGMT5A5BPK981DXA',
        '01F8VYXK67BGC1F9RP1E4S9YAK'
    );

INSERT INTO
    walking_samples (
        id,
        is_converged,
        trajectory_id,
        walking_information_id
    )
VALUES
    (
        '01JF789Z61D35DJ4RMGP4QDG1M',
        TRUE,
        '01JET1DV4WJ2EP78B8HAKK5SP0',
        '01JF789Z61HGMT5A5BPK981DXA'
    );

INSERT INTO
    estimated_positions (id, x, y, direction, walking_sample_id)
VALUES
    (
        '01JF789Z617MD47BM7KH41Z22D',
        550,
        1100,
        270,
        '01JF789Z61D35DJ4RMGP4QDG1M'
    );

INSERT INTO
    correct_positions (id, x, y, direction, trajectory_id)
VALUES
    (
        '01JF789Z6140RD6FP10RW7J219',
        550,
        1100,
        270,
        '01JET1DV4WJ2EP78B8HAKK5SP0'
    );

INSERT INTO
    walking_information (id, pedestrian_id)
VALUES
    (
        '01JF789Z616FVDZAEMM6WGNV2S',
        '01F8VYXK67BGC1F9RP1E4S9YAK'
    );

INSERT INTO
    walking_samples (
        id,
        is_converged,
        trajectory_id,
        walking_information_id
    )
VALUES
    (
        '01JF789Z61F9Q8VBENF10AZFM6',
        TRUE,
        '01JET1DV4WJ2EP78B8HAKK5SP0',
        '01JF789Z616FVDZAEMM6WGNV2S'
    );

INSERT INTO
    estimated_positions (id, x, y, direction, walking_sample_id)
VALUES
    (
        '01JF789Z61A5GX507SSPZPCC5T',
        490,
        1100,
        270,
        '01JF789Z61F9Q8VBENF10AZFM6'
    );

INSERT INTO
    correct_positions (id, x, y, direction, trajectory_id)
VALUES
    (
        '01JF789Z61R17EJAE7NRDK9YWZ',
        490,
        1100,
        270,
        '01JET1DV4WJ2EP78B8HAKK5SP0'
    );

INSERT INTO
    walking_information (id, pedestrian_id)
VALUES
    (
        '01JF789Z61GDZ0NRGM6T1HB5JR',
        '01F8VYXK67BGC1F9RP1E4S9YAK'
    );

INSERT INTO
    walking_samples (
        id,
        is_converged,
        trajectory_id,
        walking_information_id
    )
VALUES
    (
        '01JF789Z61JQ6CB9J8ZFMVP8Q0',
        TRUE,
        '01JET1DV4WJ2EP78B8HAKK5SP0',
        '01JF789Z61GDZ0NRGM6T1HB5JR'
    );

INSERT INTO
    estimated_positions (id, x, y, direction, walking_sample_id)
VALUES
    (
        '01JF789Z61M6A1J6M2MD29GV6G',
        430,
        1100,
        270,
        '01JF789Z61JQ6CB9J8ZFMVP8Q0'
    );

INSERT INTO
    correct_positions (id, x, y, direction, trajectory_id)
VALUES
    (
        '01JF789Z612T6BZPWVE4X72DGT',
        430,
        1100,
        270,
        '01JET1DV4WJ2EP78B8HAKK5SP0'
    );

INSERT INTO
    walking_information (id, pedestrian_id)
VALUES
    (
        '01JF789Z61VSNV87FBF91C6KRV',
        '01F8VYXK67BGC1F9RP1E4S9YAK'
    );

INSERT INTO
    walking_samples (
        id,
        is_converged,
        trajectory_id,
        walking_information_id
    )
VALUES
    (
        '01JF789Z61ZJZXZC3NNVX50ZR5',
        TRUE,
        '01JET1DV4WJ2EP78B8HAKK5SP0',
        '01JF789Z61VSNV87FBF91C6KRV'
    );

INSERT INTO
    estimated_positions (id, x, y, direction, walking_sample_id)
VALUES
    (
        '01JF789Z61ZCC24DKRS8DA9HGN',
        370,
        1100,
        270,
        '01JF789Z61ZJZXZC3NNVX50ZR5'
    );

INSERT INTO
    correct_positions (id, x, y, direction, trajectory_id)
VALUES
    (
        '01JF789Z61N4PXYEKZXS1YJMK8',
        370,
        1100,
        270,
        '01JET1DV4WJ2EP78B8HAKK5SP0'
    );

INSERT INTO
    walking_information (id, pedestrian_id)
VALUES
    (
        '01JF789Z61K0YHQDJSQ53SXBV9',
        '01F8VYXK67BGC1F9RP1E4S9YAK'
    );

INSERT INTO
    walking_samples (
        id,
        is_converged,
        trajectory_id,
        walking_information_id
    )
VALUES
    (
        '01JF789Z610S0MGPQE9WHRPFM2',
        TRUE,
        '01JET1DV4WJ2EP78B8HAKK5SP0',
        '01JF789Z61K0YHQDJSQ53SXBV9'
    );

INSERT INTO
    estimated_positions (id, x, y, direction, walking_sample_id)
VALUES
    (
        '01JF789Z61HFADMDTF0FPBARH8',
        350,
        1100,
        180,
        '01JF789Z610S0MGPQE9WHRPFM2'
    );

INSERT INTO
    correct_positions (id, x, y, direction, trajectory_id)
VALUES
    (
        '01JF789Z61X4KA06K77EB1HXM8',
        350,
        1100,
        180,
        '01JET1DV4WJ2EP78B8HAKK5SP0'
    );

INSERT INTO
    walking_information (id, pedestrian_id)
VALUES
    (
        '01JF789Z61RQJ0HYKP3A9XZ0QA',
        '01F8VYXK67BGC1F9RP1E4S9YAK'
    );

INSERT INTO
    walking_samples (
        id,
        is_converged,
        trajectory_id,
        walking_information_id
    )
VALUES
    (
        '01JF789Z61E0W96C4TGBTQJAW9',
        TRUE,
        '01JET1DV4WJ2EP78B8HAKK5SP0',
        '01JF789Z61RQJ0HYKP3A9XZ0QA'
    );

INSERT INTO
    estimated_positions (id, x, y, direction, walking_sample_id)
VALUES
    (
        '01JF789Z61SMX12V5M7HRKX2S8',
        350,
        1100,
        180,
        '01JF789Z61E0W96C4TGBTQJAW9'
    );

INSERT INTO
    correct_positions (id, x, y, direction, trajectory_id)
VALUES
    (
        '01JF789Z61KQ18N21GHC2Z3MQV',
        350,
        1100,
        180,
        '01JET1DV4WJ2EP78B8HAKK5SP0'
    );

INSERT INTO
    walking_information (id, pedestrian_id)
VALUES
    (
        '01JF789Z61BPSP3SP0JP434AFH',
        '01F8VYXK67BGC1F9RP1E4S9YAK'
    );

INSERT INTO
    walking_samples (
        id,
        is_converged,
        trajectory_id,
        walking_information_id
    )
VALUES
    (
        '01JF789Z6167W64H2KJ7BNMN5Q',
        TRUE,
        '01JET1DV4WJ2EP78B8HAKK5SP0',
        '01JF789Z61BPSP3SP0JP434AFH'
    );

INSERT INTO
    estimated_positions (id, x, y, direction, walking_sample_id)
VALUES
    (
        '01JF789Z619WN59W70WRD6FJAR',
        350,
        1160,
        180,
        '01JF789Z6167W64H2KJ7BNMN5Q'
    );

INSERT INTO
    correct_positions (id, x, y, direction, trajectory_id)
VALUES
    (
        '01JF789Z61C1S2VCQ567MQ4CQF',
        350,
        1160,
        180,
        '01JET1DV4WJ2EP78B8HAKK5SP0'
    );

INSERT INTO
    walking_information (id, pedestrian_id)
VALUES
    (
        '01JF789Z616439E2JAQ10RQJFN',
        '01F8VYXK67BGC1F9RP1E4S9YAK'
    );

INSERT INTO
    walking_samples (
        id,
        is_converged,
        trajectory_id,
        walking_information_id
    )
VALUES
    (
        '01JF789Z6141H91V0K68W622G2',
        TRUE,
        '01JET1DV4WJ2EP78B8HAKK5SP0',
        '01JF789Z616439E2JAQ10RQJFN'
    );

INSERT INTO
    estimated_positions (id, x, y, direction, walking_sample_id)
VALUES
    (
        '01JF789Z61R8MXCGYK8MSJXHE2',
        350,
        1220,
        180,
        '01JF789Z6141H91V0K68W622G2'
    );

INSERT INTO
    correct_positions (id, x, y, direction, trajectory_id)
VALUES
    (
        '01JF789Z61HMWM2HGJBT62GAQD',
        350,
        1220,
        180,
        '01JET1DV4WJ2EP78B8HAKK5SP0'
    );

INSERT INTO
    walking_information (id, pedestrian_id)
VALUES
    (
        '01JF789Z6116QSEG7SWJDQCHZK',
        '01F8VYXK67BGC1F9RP1E4S9YAK'
    );

INSERT INTO
    walking_samples (
        id,
        is_converged,
        trajectory_id,
        walking_information_id
    )
VALUES
    (
        '01JF789Z61FSVKV5KZRQVAD2TG',
        TRUE,
        '01JET1DV4WJ2EP78B8HAKK5SP0',
        '01JF789Z6116QSEG7SWJDQCHZK'
    );

INSERT INTO
    estimated_positions (id, x, y, direction, walking_sample_id)
VALUES
    (
        '01JF789Z61XS457FBTSX5D6QRB',
        350,
        1280,
        180,
        '01JF789Z61FSVKV5KZRQVAD2TG'
    );

INSERT INTO
    correct_positions (id, x, y, direction, trajectory_id)
VALUES
    (
        '01JF789Z61K99WJNWWSTW32EF8',
        350,
        1280,
        180,
        '01JET1DV4WJ2EP78B8HAKK5SP0'
    );

INSERT INTO
    walking_information (id, pedestrian_id)
VALUES
    (
        '01JF789Z61R4M4W0DK7PRZ38T5',
        '01F8VYXK67BGC1F9RP1E4S9YAK'
    );

INSERT INTO
    walking_samples (
        id,
        is_converged,
        trajectory_id,
        walking_information_id
    )
VALUES
    (
        '01JF789Z61JJQM1WHCHRJPQ2FD',
        TRUE,
        '01JET1DV4WJ2EP78B8HAKK5SP0',
        '01JF789Z61R4M4W0DK7PRZ38T5'
    );

INSERT INTO
    estimated_positions (id, x, y, direction, walking_sample_id)
VALUES
    (
        '01JF789Z61ZJVNRRFG4PBZZ67F',
        350,
        1340,
        180,
        '01JF789Z61JJQM1WHCHRJPQ2FD'
    );

INSERT INTO
    correct_positions (id, x, y, direction, trajectory_id)
VALUES
    (
        '01JF789Z61M21QEF588ZD720PX',
        350,
        1340,
        180,
        '01JET1DV4WJ2EP78B8HAKK5SP0'
    );

INSERT INTO
    walking_information (id, pedestrian_id)
VALUES
    (
        '01JF789Z61XGSW1951EDH6KS52',
        '01F8VYXK67BGC1F9RP1E4S9YAK'
    );

INSERT INTO
    walking_samples (
        id,
        is_converged,
        trajectory_id,
        walking_information_id
    )
VALUES
    (
        '01JF789Z61462RNE2523VETXGR',
        TRUE,
        '01JET1DV4WJ2EP78B8HAKK5SP0',
        '01JF789Z61XGSW1951EDH6KS52'
    );

INSERT INTO
    estimated_positions (id, x, y, direction, walking_sample_id)
VALUES
    (
        '01JF789Z615NKZ06V6FKSN094A',
        350,
        1400,
        180,
        '01JF789Z61462RNE2523VETXGR'
    );

INSERT INTO
    correct_positions (id, x, y, direction, trajectory_id)
VALUES
    (
        '01JF789Z61S85NMV1HD2B13VVS',
        350,
        1400,
        180,
        '01JET1DV4WJ2EP78B8HAKK5SP0'
    );

INSERT INTO
    walking_information (id, pedestrian_id)
VALUES
    (
        '01JF789Z611ZY02XJG16C8WVPR',
        '01F8VYXK67BGC1F9RP1E4S9YAK'
    );

INSERT INTO
    walking_samples (
        id,
        is_converged,
        trajectory_id,
        walking_information_id
    )
VALUES
    (
        '01JF789Z619K2J5RCCG8BFS2MW',
        TRUE,
        '01JET1DV4WJ2EP78B8HAKK5SP0',
        '01JF789Z611ZY02XJG16C8WVPR'
    );

INSERT INTO
    estimated_positions (id, x, y, direction, walking_sample_id)
VALUES
    (
        '01JF789Z61B1WB24V183WHR70V',
        350,
        1460,
        180,
        '01JF789Z619K2J5RCCG8BFS2MW'
    );

INSERT INTO
    correct_positions (id, x, y, direction, trajectory_id)
VALUES
    (
        '01JF789Z618E1JHH4CE5M5RJ1G',
        350,
        1460,
        180,
        '01JET1DV4WJ2EP78B8HAKK5SP0'
    );

INSERT INTO
    walking_information (id, pedestrian_id)
VALUES
    (
        '01JF789Z61G5G8X6MG7PTDH0YJ',
        '01F8VYXK67BGC1F9RP1E4S9YAK'
    );

INSERT INTO
    walking_samples (
        id,
        is_converged,
        trajectory_id,
        walking_information_id
    )
VALUES
    (
        '01JF789Z61GY9S2HRSXG6T9D83',
        TRUE,
        '01JET1DV4WJ2EP78B8HAKK5SP0',
        '01JF789Z61G5G8X6MG7PTDH0YJ'
    );

INSERT INTO
    estimated_positions (id, x, y, direction, walking_sample_id)
VALUES
    (
        '01JF789Z619P1AWXAEZR1VE0RM',
        350,
        1500,
        90,
        '01JF789Z61GY9S2HRSXG6T9D83'
    );

INSERT INTO
    correct_positions (id, x, y, direction, trajectory_id)
VALUES
    (
        '01JF789Z61TA3BMCA84KH2YG7Z',
        350,
        1500,
        90,
        '01JET1DV4WJ2EP78B8HAKK5SP0'
    );

INSERT INTO
    walking_information (id, pedestrian_id)
VALUES
    (
        '01JF789Z61C3JY332RESZFP2XK',
        '01F8VYXK67BGC1F9RP1E4S9YAK'
    );

INSERT INTO
    walking_samples (
        id,
        is_converged,
        trajectory_id,
        walking_information_id
    )
VALUES
    (
        '01JF789Z61ET8636QZCT5RXSKM',
        TRUE,
        '01JET1DV4WJ2EP78B8HAKK5SP0',
        '01JF789Z61C3JY332RESZFP2XK'
    );

INSERT INTO
    estimated_positions (id, x, y, direction, walking_sample_id)
VALUES
    (
        '01JF789Z619F35XP1X1Q8DDRM0',
        350,
        1500,
        90,
        '01JF789Z61ET8636QZCT5RXSKM'
    );

INSERT INTO
    correct_positions (id, x, y, direction, trajectory_id)
VALUES
    (
        '01JF789Z61MACM63MWC9HKKK7N',
        350,
        1500,
        90,
        '01JET1DV4WJ2EP78B8HAKK5SP0'
    );

INSERT INTO
    walking_information (id, pedestrian_id)
VALUES
    (
        '01JF789Z61H298BJ9PGTS2Y5NF',
        '01F8VYXK67BGC1F9RP1E4S9YAK'
    );

INSERT INTO
    walking_samples (
        id,
        is_converged,
        trajectory_id,
        walking_information_id
    )
VALUES
    (
        '01JF789Z611C19P9G88K03WRQ3',
        TRUE,
        '01JET1DV4WJ2EP78B8HAKK5SP0',
        '01JF789Z61H298BJ9PGTS2Y5NF'
    );

INSERT INTO
    estimated_positions (id, x, y, direction, walking_sample_id)
VALUES
    (
        '01JF789Z61PB6P20FMFGKD4908',
        410,
        1500,
        90,
        '01JF789Z611C19P9G88K03WRQ3'
    );

INSERT INTO
    correct_positions (id, x, y, direction, trajectory_id)
VALUES
    (
        '01JF789Z61NB0XZN38YF2GP5ZQ',
        410,
        1500,
        90,
        '01JET1DV4WJ2EP78B8HAKK5SP0'
    );

INSERT INTO
    walking_information (id, pedestrian_id)
VALUES
    (
        '01JF789Z617JX7MB0RQDG5HTQC',
        '01F8VYXK67BGC1F9RP1E4S9YAK'
    );

INSERT INTO
    walking_samples (
        id,
        is_converged,
        trajectory_id,
        walking_information_id
    )
VALUES
    (
        '01JF789Z61EJW96ZTBY38SX054',
        TRUE,
        '01JET1DV4WJ2EP78B8HAKK5SP0',
        '01JF789Z617JX7MB0RQDG5HTQC'
    );

INSERT INTO
    estimated_positions (id, x, y, direction, walking_sample_id)
VALUES
    (
        '01JF789Z61H1P2A7JKWMKBXBYN',
        470,
        1500,
        90,
        '01JF789Z61EJW96ZTBY38SX054'
    );

INSERT INTO
    correct_positions (id, x, y, direction, trajectory_id)
VALUES
    (
        '01JF789Z614J54BZH764BK7HQV',
        470,
        1500,
        90,
        '01JET1DV4WJ2EP78B8HAKK5SP0'
    );

INSERT INTO
    walking_information (id, pedestrian_id)
VALUES
    (
        '01JF789Z617DPX3CTG65T7BRRQ',
        '01F8VYXK67BGC1F9RP1E4S9YAK'
    );

INSERT INTO
    walking_samples (
        id,
        is_converged,
        trajectory_id,
        walking_information_id
    )
VALUES
    (
        '01JF789Z62ME68T0BZAZBE0EAN',
        TRUE,
        '01JET1DV4WJ2EP78B8HAKK5SP0',
        '01JF789Z617DPX3CTG65T7BRRQ'
    );

INSERT INTO
    estimated_positions (id, x, y, direction, walking_sample_id)
VALUES
    (
        '01JF789Z615NYZ0753YYKW9SDJ',
        530,
        1500,
        90,
        '01JF789Z62ME68T0BZAZBE0EAN'
    );

INSERT INTO
    correct_positions (id, x, y, direction, trajectory_id)
VALUES
    (
        '01JF789Z62K49PQD17CTR83FNX',
        530,
        1500,
        90,
        '01JET1DV4WJ2EP78B8HAKK5SP0'
    );

INSERT INTO
    walking_information (id, pedestrian_id)
VALUES
    (
        '01JF789Z62XP1P9XJARHWZQVDK',
        '01F8VYXK67BGC1F9RP1E4S9YAK'
    );

INSERT INTO
    walking_samples (
        id,
        is_converged,
        trajectory_id,
        walking_information_id
    )
VALUES
    (
        '01JF789Z62SPZMFXGDR6WMHXT0',
        TRUE,
        '01JET1DV4WJ2EP78B8HAKK5SP0',
        '01JF789Z62XP1P9XJARHWZQVDK'
    );

INSERT INTO
    estimated_positions (id, x, y, direction, walking_sample_id)
VALUES
    (
        '01JF789Z62PFKY6D27ZG1F2FR4',
        590,
        1500,
        90,
        '01JF789Z62SPZMFXGDR6WMHXT0'
    );

INSERT INTO
    correct_positions (id, x, y, direction, trajectory_id)
VALUES
    (
        '01JF789Z62P33K3GQ3YVPXZ4HD',
        590,
        1500,
        90,
        '01JET1DV4WJ2EP78B8HAKK5SP0'
    );

INSERT INTO
    walking_information (id, pedestrian_id)
VALUES
    (
        '01JF789Z6265E44Y1WVV7HJX4T',
        '01F8VYXK67BGC1F9RP1E4S9YAK'
    );

INSERT INTO
    walking_samples (
        id,
        is_converged,
        trajectory_id,
        walking_information_id
    )
VALUES
    (
        '01JF789Z628M9EFE36JX2D3N3F',
        TRUE,
        '01JET1DV4WJ2EP78B8HAKK5SP0',
        '01JF789Z6265E44Y1WVV7HJX4T'
    );

INSERT INTO
    estimated_positions (id, x, y, direction, walking_sample_id)
VALUES
    (
        '01JF789Z62ZG5R253X40AMVXKV',
        650,
        1500,
        90,
        '01JF789Z628M9EFE36JX2D3N3F'
    );

INSERT INTO
    correct_positions (id, x, y, direction, trajectory_id)
VALUES
    (
        '01JF789Z62F5RAB76PS4R0ZSB8',
        650,
        1500,
        90,
        '01JET1DV4WJ2EP78B8HAKK5SP0'
    );

INSERT INTO
    walking_information (id, pedestrian_id)
VALUES
    (
        '01JF789Z626FKFVRPE048C5NP2',
        '01F8VYXK67BGC1F9RP1E4S9YAK'
    );

INSERT INTO
    walking_samples (
        id,
        is_converged,
        trajectory_id,
        walking_information_id
    )
VALUES
    (
        '01JF789Z6256G8T8CAMC1QSJM2',
        TRUE,
        '01JET1DV4WJ2EP78B8HAKK5SP0',
        '01JF789Z626FKFVRPE048C5NP2'
    );

INSERT INTO
    estimated_positions (id, x, y, direction, walking_sample_id)
VALUES
    (
        '01JF789Z62BVQX5MJ5A12X4K27',
        710,
        1500,
        90,
        '01JF789Z6256G8T8CAMC1QSJM2'
    );

INSERT INTO
    correct_positions (id, x, y, direction, trajectory_id)
VALUES
    (
        '01JF789Z621D8TGR2PV0NCQC24',
        710,
        1500,
        90,
        '01JET1DV4WJ2EP78B8HAKK5SP0'
    );

INSERT INTO
    walking_information (id, pedestrian_id)
VALUES
    (
        '01JF789Z6212BVF0RQQ002YFJY',
        '01F8VYXK67BGC1F9RP1E4S9YAK'
    );

INSERT INTO
    walking_samples (
        id,
        is_converged,
        trajectory_id,
        walking_information_id
    )
VALUES
    (
        '01JF789Z62QQD0S6PKV8QWVDR5',
        TRUE,
        '01JET1DV4WJ2EP78B8HAKK5SP0',
        '01JF789Z6212BVF0RQQ002YFJY'
    );

INSERT INTO
    estimated_positions (id, x, y, direction, walking_sample_id)
VALUES
    (
        '01JF789Z62W85NNYNASXPRZSHF',
        770,
        1500,
        90,
        '01JF789Z62QQD0S6PKV8QWVDR5'
    );

INSERT INTO
    correct_positions (id, x, y, direction, trajectory_id)
VALUES
    (
        '01JF789Z620WWHQJ1X1EX6P9E1',
        770,
        1500,
        90,
        '01JET1DV4WJ2EP78B8HAKK5SP0'
    );

INSERT INTO
    walking_information (id, pedestrian_id)
VALUES
    (
        '01JF789Z626N7C1GDE2FBWTCXQ',
        '01F8VYXK67BGC1F9RP1E4S9YAK'
    );

INSERT INTO
    walking_samples (
        id,
        is_converged,
        trajectory_id,
        walking_information_id
    )
VALUES
    (
        '01JF789Z62CD6RF25Z1Q4SYVCS',
        TRUE,
        '01JET1DV4WJ2EP78B8HAKK5SP0',
        '01JF789Z626N7C1GDE2FBWTCXQ'
    );

INSERT INTO
    estimated_positions (id, x, y, direction, walking_sample_id)
VALUES
    (
        '01JF789Z62P7S09DKXH370GKJC',
        830,
        1500,
        90,
        '01JF789Z62CD6RF25Z1Q4SYVCS'
    );

INSERT INTO
    correct_positions (id, x, y, direction, trajectory_id)
VALUES
    (
        '01JF789Z62A6F83BVA7GWSH7DW',
        830,
        1500,
        90,
        '01JET1DV4WJ2EP78B8HAKK5SP0'
    );

INSERT INTO
    walking_information (id, pedestrian_id)
VALUES
    (
        '01JF789Z62389QSGZBFGSEEW3B',
        '01F8VYXK67BGC1F9RP1E4S9YAK'
    );

INSERT INTO
    walking_samples (
        id,
        is_converged,
        trajectory_id,
        walking_information_id
    )
VALUES
    (
        '01JF789Z628XFFHK8HA33HXB9B',
        TRUE,
        '01JET1DV4WJ2EP78B8HAKK5SP0',
        '01JF789Z62389QSGZBFGSEEW3B'
    );

INSERT INTO
    estimated_positions (id, x, y, direction, walking_sample_id)
VALUES
    (
        '01JF789Z62SWM75AVYZ9457KT4',
        890,
        1500,
        90,
        '01JF789Z628XFFHK8HA33HXB9B'
    );

INSERT INTO
    correct_positions (id, x, y, direction, trajectory_id)
VALUES
    (
        '01JF789Z62QD34D8GBAB7SRPXP',
        890,
        1500,
        90,
        '01JET1DV4WJ2EP78B8HAKK5SP0'
    );

INSERT INTO
    walking_information (id, pedestrian_id)
VALUES
    (
        '01JF789Z62TN16KKAGG945TH39',
        '01F8VYXK67BGC1F9RP1E4S9YAK'
    );

INSERT INTO
    walking_samples (
        id,
        is_converged,
        trajectory_id,
        walking_information_id
    )
VALUES
    (
        '01JF789Z624KM0TVFEQHR8RZG8',
        TRUE,
        '01JET1DV4WJ2EP78B8HAKK5SP0',
        '01JF789Z62TN16KKAGG945TH39'
    );

INSERT INTO
    estimated_positions (id, x, y, direction, walking_sample_id)
VALUES
    (
        '01JF789Z62X4Y2XHWGJX1J8PXK',
        950,
        1500,
        90,
        '01JF789Z624KM0TVFEQHR8RZG8'
    );

INSERT INTO
    correct_positions (id, x, y, direction, trajectory_id)
VALUES
    (
        '01JF789Z623JGJDRBVWDG5GATH',
        950,
        1500,
        90,
        '01JET1DV4WJ2EP78B8HAKK5SP0'
    );

INSERT INTO
    walking_information (id, pedestrian_id)
VALUES
    (
        '01JF789Z628SVEYTV9XASP9WT1',
        '01F8VYXK67BGC1F9RP1E4S9YAK'
    );

INSERT INTO
    walking_samples (
        id,
        is_converged,
        trajectory_id,
        walking_information_id
    )
VALUES
    (
        '01JF789Z62TRDX749S9Y8QX66X',
        TRUE,
        '01JET1DV4WJ2EP78B8HAKK5SP0',
        '01JF789Z628SVEYTV9XASP9WT1'
    );

INSERT INTO
    estimated_positions (id, x, y, direction, walking_sample_id)
VALUES
    (
        '01JF789Z62XM1NSFSBK7D268Z8',
        1010,
        1500,
        90,
        '01JF789Z62TRDX749S9Y8QX66X'
    );

INSERT INTO
    correct_positions (id, x, y, direction, trajectory_id)
VALUES
    (
        '01JF789Z62BXJ3JCCCXNXSE0KS',
        1010,
        1500,
        90,
        '01JET1DV4WJ2EP78B8HAKK5SP0'
    );

INSERT INTO
    walking_information (id, pedestrian_id)
VALUES
    (
        '01JF789Z62G2G327YBC4GNHA5V',
        '01F8VYXK67BGC1F9RP1E4S9YAK'
    );

INSERT INTO
    walking_samples (
        id,
        is_converged,
        trajectory_id,
        walking_information_id
    )
VALUES
    (
        '01JF789Z62J7BN8TRHH46MH3PS',
        TRUE,
        '01JET1DV4WJ2EP78B8HAKK5SP0',
        '01JF789Z62G2G327YBC4GNHA5V'
    );

INSERT INTO
    estimated_positions (id, x, y, direction, walking_sample_id)
VALUES
    (
        '01JF789Z62V4TNP3P90ECZVR9R',
        1070,
        1500,
        90,
        '01JF789Z62J7BN8TRHH46MH3PS'
    );

INSERT INTO
    correct_positions (id, x, y, direction, trajectory_id)
VALUES
    (
        '01JF789Z62SBW8EXYRWMTHYNSQ',
        1070,
        1500,
        90,
        '01JET1DV4WJ2EP78B8HAKK5SP0'
    );

INSERT INTO
    walking_information (id, pedestrian_id)
VALUES
    (
        '01JF789Z62VGNADNPNYEK7VEVD',
        '01F8VYXK67BGC1F9RP1E4S9YAK'
    );

INSERT INTO
    walking_samples (
        id,
        is_converged,
        trajectory_id,
        walking_information_id
    )
VALUES
    (
        '01JF789Z62PKNADPDP27DEXKFY',
        TRUE,
        '01JET1DV4WJ2EP78B8HAKK5SP0',
        '01JF789Z62VGNADNPNYEK7VEVD'
    );

INSERT INTO
    estimated_positions (id, x, y, direction, walking_sample_id)
VALUES
    (
        '01JF789Z62EJGXGJQZ7CC64NQ1',
        1130,
        1500,
        90,
        '01JF789Z62PKNADPDP27DEXKFY'
    );

INSERT INTO
    correct_positions (id, x, y, direction, trajectory_id)
VALUES
    (
        '01JF789Z62Q60TEJFNMB777XVH',
        1130,
        1500,
        90,
        '01JET1DV4WJ2EP78B8HAKK5SP0'
    );

INSERT INTO
    walking_information (id, pedestrian_id)
VALUES
    (
        '01JF789Z624HBQZ96Y7J8WBZG3',
        '01F8VYXK67BGC1F9RP1E4S9YAK'
    );

INSERT INTO
    walking_samples (
        id,
        is_converged,
        trajectory_id,
        walking_information_id
    )
VALUES
    (
        '01JF789Z62434TTMA25YPNRA6Q',
        TRUE,
        '01JET1DV4WJ2EP78B8HAKK5SP0',
        '01JF789Z624HBQZ96Y7J8WBZG3'
    );

INSERT INTO
    estimated_positions (id, x, y, direction, walking_sample_id)
VALUES
    (
        '01JF789Z62PCA5RWHW8JKWKPTP',
        1190,
        1500,
        90,
        '01JF789Z62434TTMA25YPNRA6Q'
    );

INSERT INTO
    correct_positions (id, x, y, direction, trajectory_id)
VALUES
    (
        '01JF789Z62AP20D4H564PX7Z37',
        1190,
        1500,
        90,
        '01JET1DV4WJ2EP78B8HAKK5SP0'
    );

INSERT INTO
    walking_information (id, pedestrian_id)
VALUES
    (
        '01JF789Z62WXKZEWJ7M2RHT60R',
        '01F8VYXK67BGC1F9RP1E4S9YAK'
    );

INSERT INTO
    walking_samples (
        id,
        is_converged,
        trajectory_id,
        walking_information_id
    )
VALUES
    (
        '01JF789Z62N8GZSEES9X64STS9',
        TRUE,
        '01JET1DV4WJ2EP78B8HAKK5SP0',
        '01JF789Z62WXKZEWJ7M2RHT60R'
    );

INSERT INTO
    estimated_positions (id, x, y, direction, walking_sample_id)
VALUES
    (
        '01JF789Z62PRRFFJ6BP5SR6CXE',
        1250,
        1500,
        90,
        '01JF789Z62N8GZSEES9X64STS9'
    );

INSERT INTO
    correct_positions (id, x, y, direction, trajectory_id)
VALUES
    (
        '01JF789Z62864BMZ0G2RXZ4YWD',
        1250,
        1500,
        90,
        '01JET1DV4WJ2EP78B8HAKK5SP0'
    );

INSERT INTO
    walking_information (id, pedestrian_id)
VALUES
    (
        '01JF789Z62C3MQ6N1YSGGSJ9HZ',
        '01F8VYXK67BGC1F9RP1E4S9YAK'
    );

INSERT INTO
    walking_samples (
        id,
        is_converged,
        trajectory_id,
        walking_information_id
    )
VALUES
    (
        '01JF789Z62PY20P0AME88P71E6',
        TRUE,
        '01JET1DV4WJ2EP78B8HAKK5SP0',
        '01JF789Z62C3MQ6N1YSGGSJ9HZ'
    );

INSERT INTO
    estimated_positions (id, x, y, direction, walking_sample_id)
VALUES
    (
        '01JF789Z62PMJ2EP48BRE66E3Z',
        1310,
        1500,
        90,
        '01JF789Z62PY20P0AME88P71E6'
    );

INSERT INTO
    correct_positions (id, x, y, direction, trajectory_id)
VALUES
    (
        '01JF789Z62ZNT58GRNP5AC73R3',
        1310,
        1500,
        90,
        '01JET1DV4WJ2EP78B8HAKK5SP0'
    );

INSERT INTO
    walking_information (id, pedestrian_id)
VALUES
    (
        '01JF789Z6283BKS1CF0VBC8NFN',
        '01F8VYXK67BGC1F9RP1E4S9YAK'
    );

INSERT INTO
    walking_samples (
        id,
        is_converged,
        trajectory_id,
        walking_information_id
    )
VALUES
    (
        '01JF789Z62KBM9CXJWV39RD8JA',
        TRUE,
        '01JET1DV4WJ2EP78B8HAKK5SP0',
        '01JF789Z6283BKS1CF0VBC8NFN'
    );

INSERT INTO
    estimated_positions (id, x, y, direction, walking_sample_id)
VALUES
    (
        '01JF789Z62RYF0NQW5NW6T9QD2',
        1370,
        1500,
        90,
        '01JF789Z62KBM9CXJWV39RD8JA'
    );

INSERT INTO
    correct_positions (id, x, y, direction, trajectory_id)
VALUES
    (
        '01JF789Z623A40BKSV2B3XKTM6',
        1370,
        1500,
        90,
        '01JET1DV4WJ2EP78B8HAKK5SP0'
    );

INSERT INTO
    walking_information (id, pedestrian_id)
VALUES
    (
        '01JF789Z62F2CV8HQ9S8QSZBCJ',
        '01F8VYXK67BGC1F9RP1E4S9YAK'
    );

INSERT INTO
    walking_samples (
        id,
        is_converged,
        trajectory_id,
        walking_information_id
    )
VALUES
    (
        '01JF789Z62H6J7MD3G5REEM2MV',
        TRUE,
        '01JET1DV4WJ2EP78B8HAKK5SP0',
        '01JF789Z62F2CV8HQ9S8QSZBCJ'
    );

INSERT INTO
    estimated_positions (id, x, y, direction, walking_sample_id)
VALUES
    (
        '01JF789Z62ZQ149DDRV24AR9MD',
        1430,
        1500,
        90,
        '01JF789Z62H6J7MD3G5REEM2MV'
    );

INSERT INTO
    correct_positions (id, x, y, direction, trajectory_id)
VALUES
    (
        '01JF789Z62M8APXPEP9FTNKMBA',
        1430,
        1500,
        90,
        '01JET1DV4WJ2EP78B8HAKK5SP0'
    );

INSERT INTO
    walking_information (id, pedestrian_id)
VALUES
    (
        '01JF789Z6241W7YCQGS2FPFYA2',
        '01F8VYXK67BGC1F9RP1E4S9YAK'
    );

INSERT INTO
    walking_samples (
        id,
        is_converged,
        trajectory_id,
        walking_information_id
    )
VALUES
    (
        '01JF789Z62MQP6PQ2W06C69443',
        TRUE,
        '01JET1DV4WJ2EP78B8HAKK5SP0',
        '01JF789Z6241W7YCQGS2FPFYA2'
    );

INSERT INTO
    estimated_positions (id, x, y, direction, walking_sample_id)
VALUES
    (
        '01JF789Z62GM8E7F8QNPNJS4K4',
        1490,
        1500,
        90,
        '01JF789Z62MQP6PQ2W06C69443'
    );

INSERT INTO
    correct_positions (id, x, y, direction, trajectory_id)
VALUES
    (
        '01JF789Z62Y6NY2G4ZTF3KR6D2',
        1490,
        1500,
        90,
        '01JET1DV4WJ2EP78B8HAKK5SP0'
    );

INSERT INTO
    walking_information (id, pedestrian_id)
VALUES
    (
        '01JF789Z6286E6F8DNK5JQ2MF8',
        '01F8VYXK67BGC1F9RP1E4S9YAK'
    );

INSERT INTO
    walking_samples (
        id,
        is_converged,
        trajectory_id,
        walking_information_id
    )
VALUES
    (
        '01JF789Z629QFV8ZD63AMEENKX',
        TRUE,
        '01JET1DV4WJ2EP78B8HAKK5SP0',
        '01JF789Z6286E6F8DNK5JQ2MF8'
    );

INSERT INTO
    estimated_positions (id, x, y, direction, walking_sample_id)
VALUES
    (
        '01JF789Z62Q6F5JNDXTK7248MC',
        1550,
        1500,
        90,
        '01JF789Z629QFV8ZD63AMEENKX'
    );

INSERT INTO
    correct_positions (id, x, y, direction, trajectory_id)
VALUES
    (
        '01JF789Z6238X2SC1ZZ21YT2XV',
        1550,
        1500,
        90,
        '01JET1DV4WJ2EP78B8HAKK5SP0'
    );

INSERT INTO
    walking_information (id, pedestrian_id)
VALUES
    (
        '01JF789Z62KK9F7QH5E03PTM3M',
        '01F8VYXK67BGC1F9RP1E4S9YAK'
    );

INSERT INTO
    walking_samples (
        id,
        is_converged,
        trajectory_id,
        walking_information_id
    )
VALUES
    (
        '01JF789Z626KNTD0C81ACFH92T',
        TRUE,
        '01JET1DV4WJ2EP78B8HAKK5SP0',
        '01JF789Z62KK9F7QH5E03PTM3M'
    );

INSERT INTO
    estimated_positions (id, x, y, direction, walking_sample_id)
VALUES
    (
        '01JF789Z624RXTKXZG85BZF2VH',
        1610,
        1500,
        90,
        '01JF789Z626KNTD0C81ACFH92T'
    );

INSERT INTO
    correct_positions (id, x, y, direction, trajectory_id)
VALUES
    (
        '01JF789Z62T86ABW0R947NJGGV',
        1610,
        1500,
        90,
        '01JET1DV4WJ2EP78B8HAKK5SP0'
    );

INSERT INTO
    walking_information (id, pedestrian_id)
VALUES
    (
        '01JF789Z6216Q558VQP46RD6BB',
        '01F8VYXK67BGC1F9RP1E4S9YAK'
    );

INSERT INTO
    walking_samples (
        id,
        is_converged,
        trajectory_id,
        walking_information_id
    )
VALUES
    (
        '01JF789Z623C2TJ0V93APPMRTG',
        TRUE,
        '01JET1DV4WJ2EP78B8HAKK5SP0',
        '01JF789Z6216Q558VQP46RD6BB'
    );

INSERT INTO
    estimated_positions (id, x, y, direction, walking_sample_id)
VALUES
    (
        '01JF789Z6295RGQTW2BE0YGFSF',
        1670,
        1500,
        90,
        '01JF789Z623C2TJ0V93APPMRTG'
    );

INSERT INTO
    correct_positions (id, x, y, direction, trajectory_id)
VALUES
    (
        '01JF789Z62S6R2KR6V94C5PK84',
        1670,
        1500,
        90,
        '01JET1DV4WJ2EP78B8HAKK5SP0'
    );

INSERT INTO
    walking_information (id, pedestrian_id)
VALUES
    (
        '01JF789Z62PRXXZNMWMVSBY3N7',
        '01F8VYXK67BGC1F9RP1E4S9YAK'
    );

INSERT INTO
    walking_samples (
        id,
        is_converged,
        trajectory_id,
        walking_information_id
    )
VALUES
    (
        '01JF789Z62CV2RQSD2RK72YN8E',
        TRUE,
        '01JET1DV4WJ2EP78B8HAKK5SP0',
        '01JF789Z62PRXXZNMWMVSBY3N7'
    );

INSERT INTO
    estimated_positions (id, x, y, direction, walking_sample_id)
VALUES
    (
        '01JF789Z62HWM7867PY0BT7VGC',
        1730,
        1500,
        90,
        '01JF789Z62CV2RQSD2RK72YN8E'
    );

INSERT INTO
    correct_positions (id, x, y, direction, trajectory_id)
VALUES
    (
        '01JF789Z62ZAXAW3FN0HX4JVQW',
        1730,
        1500,
        90,
        '01JET1DV4WJ2EP78B8HAKK5SP0'
    );

INSERT INTO
    walking_information (id, pedestrian_id)
VALUES
    (
        '01JF789Z621393BVKGWX88G30J',
        '01F8VYXK67BGC1F9RP1E4S9YAK'
    );

INSERT INTO
    walking_samples (
        id,
        is_converged,
        trajectory_id,
        walking_information_id
    )
VALUES
    (
        '01JF789Z62QQHW5XNVMAXTRRS1',
        TRUE,
        '01JET1DV4WJ2EP78B8HAKK5SP0',
        '01JF789Z621393BVKGWX88G30J'
    );

INSERT INTO
    estimated_positions (id, x, y, direction, walking_sample_id)
VALUES
    (
        '01JF789Z62RFKKA0P0ACKFK7ZK',
        1790,
        1500,
        90,
        '01JF789Z62QQHW5XNVMAXTRRS1'
    );

INSERT INTO
    correct_positions (id, x, y, direction, trajectory_id)
VALUES
    (
        '01JF789Z620K683HBBQ3C69A70',
        1790,
        1500,
        90,
        '01JET1DV4WJ2EP78B8HAKK5SP0'
    );

INSERT INTO
    walking_information (id, pedestrian_id)
VALUES
    (
        '01JF789Z62R4SBQ6701G1J72CF',
        '01F8VYXK67BGC1F9RP1E4S9YAK'
    );

INSERT INTO
    walking_samples (
        id,
        is_converged,
        trajectory_id,
        walking_information_id
    )
VALUES
    (
        '01JF789Z62F5ZJJ4J0QXQG1H61',
        TRUE,
        '01JET1DV4WJ2EP78B8HAKK5SP0',
        '01JF789Z62R4SBQ6701G1J72CF'
    );

INSERT INTO
    estimated_positions (id, x, y, direction, walking_sample_id)
VALUES
    (
        '01JF789Z627CQE7T4F14K8HXDG',
        1850,
        1500,
        90,
        '01JF789Z62F5ZJJ4J0QXQG1H61'
    );

INSERT INTO
    correct_positions (id, x, y, direction, trajectory_id)
VALUES
    (
        '01JF789Z6292N93X1E7S62QB5S',
        1850,
        1500,
        90,
        '01JET1DV4WJ2EP78B8HAKK5SP0'
    );

INSERT INTO
    walking_information (id, pedestrian_id)
VALUES
    (
        '01JF789Z62VN50VCNEQMP14R6G',
        '01F8VYXK67BGC1F9RP1E4S9YAK'
    );

INSERT INTO
    walking_samples (
        id,
        is_converged,
        trajectory_id,
        walking_information_id
    )
VALUES
    (
        '01JF789Z62G8ER7RDAJKMME2MF',
        TRUE,
        '01JET1DV4WJ2EP78B8HAKK5SP0',
        '01JF789Z62VN50VCNEQMP14R6G'
    );

INSERT INTO
    estimated_positions (id, x, y, direction, walking_sample_id)
VALUES
    (
        '01JF789Z62SREMHSK8DNQVBGND',
        1910,
        1500,
        90,
        '01JF789Z62G8ER7RDAJKMME2MF'
    );

INSERT INTO
    correct_positions (id, x, y, direction, trajectory_id)
VALUES
    (
        '01JF789Z62T7R5YCST2QW7DW5G',
        1910,
        1500,
        90,
        '01JET1DV4WJ2EP78B8HAKK5SP0'
    );

INSERT INTO
    walking_information (id, pedestrian_id)
VALUES
    (
        '01JF789Z626BQ2HVQ3YXGH76VS',
        '01F8VYXK67BGC1F9RP1E4S9YAK'
    );

INSERT INTO
    walking_samples (
        id,
        is_converged,
        trajectory_id,
        walking_information_id
    )
VALUES
    (
        '01JF789Z62NSDETV9VD2K1ANTE',
        TRUE,
        '01JET1DV4WJ2EP78B8HAKK5SP0',
        '01JF789Z626BQ2HVQ3YXGH76VS'
    );

INSERT INTO
    estimated_positions (id, x, y, direction, walking_sample_id)
VALUES
    (
        '01JF789Z6209870QZ9B0MEZVNQ',
        1970,
        1500,
        90,
        '01JF789Z62NSDETV9VD2K1ANTE'
    );

INSERT INTO
    correct_positions (id, x, y, direction, trajectory_id)
VALUES
    (
        '01JF789Z62GZ2XR30NRH5FKYXB',
        1970,
        1500,
        90,
        '01JET1DV4WJ2EP78B8HAKK5SP0'
    );

INSERT INTO
    walking_information (id, pedestrian_id)
VALUES
    (
        '01JF789Z62KVPY25W3HCDFNS5Y',
        '01F8VYXK67BGC1F9RP1E4S9YAK'
    );

INSERT INTO
    walking_samples (
        id,
        is_converged,
        trajectory_id,
        walking_information_id
    )
VALUES
    (
        '01JF789Z62PXCEGPW219QEW6VB',
        TRUE,
        '01JET1DV4WJ2EP78B8HAKK5SP0',
        '01JF789Z62KVPY25W3HCDFNS5Y'
    );

INSERT INTO
    estimated_positions (id, x, y, direction, walking_sample_id)
VALUES
    (
        '01JF789Z626FYY29NT5MTQMCM9',
        2030,
        1500,
        90,
        '01JF789Z62PXCEGPW219QEW6VB'
    );

INSERT INTO
    correct_positions (id, x, y, direction, trajectory_id)
VALUES
    (
        '01JF789Z628RBN30DFPP2KW2Y7',
        2030,
        1500,
        90,
        '01JET1DV4WJ2EP78B8HAKK5SP0'
    );

INSERT INTO
    walking_information (id, pedestrian_id)
VALUES
    (
        '01JF789Z62DBP879NJ0ZEDWMAV',
        '01F8VYXK67BGC1F9RP1E4S9YAK'
    );

INSERT INTO
    walking_samples (
        id,
        is_converged,
        trajectory_id,
        walking_information_id
    )
VALUES
    (
        '01JF789Z62FS7MVXKM13KZ255J',
        TRUE,
        '01JET1DV4WJ2EP78B8HAKK5SP0',
        '01JF789Z62DBP879NJ0ZEDWMAV'
    );

INSERT INTO
    estimated_positions (id, x, y, direction, walking_sample_id)
VALUES
    (
        '01JF789Z621757YHXPM1BN7601',
        2090,
        1500,
        90,
        '01JF789Z62FS7MVXKM13KZ255J'
    );

INSERT INTO
    correct_positions (id, x, y, direction, trajectory_id)
VALUES
    (
        '01JF789Z62CJMXYPFM0TE18HVQ',
        2090,
        1500,
        90,
        '01JET1DV4WJ2EP78B8HAKK5SP0'
    );

INSERT INTO
    walking_information (id, pedestrian_id)
VALUES
    (
        '01JF789Z6203Z0GYF3QDNSHZ7W',
        '01F8VYXK67BGC1F9RP1E4S9YAK'
    );

INSERT INTO
    walking_samples (
        id,
        is_converged,
        trajectory_id,
        walking_information_id
    )
VALUES
    (
        '01JF789Z62Q4BGT3AMDMN1KPKS',
        TRUE,
        '01JET1DV4WJ2EP78B8HAKK5SP0',
        '01JF789Z6203Z0GYF3QDNSHZ7W'
    );

INSERT INTO
    estimated_positions (id, x, y, direction, walking_sample_id)
VALUES
    (
        '01JF789Z62Y6QT5WHCEFAGXPEV',
        2150,
        1500,
        90,
        '01JF789Z62Q4BGT3AMDMN1KPKS'
    );

INSERT INTO
    correct_positions (id, x, y, direction, trajectory_id)
VALUES
    (
        '01JF789Z62K442HA5VZJ2WVZVK',
        2150,
        1500,
        90,
        '01JET1DV4WJ2EP78B8HAKK5SP0'
    );

INSERT INTO
    walking_information (id, pedestrian_id)
VALUES
    (
        '01JF789Z622MGDF7D2P0567R67',
        '01F8VYXK67BGC1F9RP1E4S9YAK'
    );

INSERT INTO
    walking_samples (
        id,
        is_converged,
        trajectory_id,
        walking_information_id
    )
VALUES
    (
        '01JF789Z62PBBN8DXFP2VB1BKF',
        TRUE,
        '01JET1DV4WJ2EP78B8HAKK5SP0',
        '01JF789Z622MGDF7D2P0567R67'
    );

INSERT INTO
    estimated_positions (id, x, y, direction, walking_sample_id)
VALUES
    (
        '01JF789Z62TFG444HNWGST3700',
        2210,
        1500,
        90,
        '01JF789Z62PBBN8DXFP2VB1BKF'
    );

INSERT INTO
    correct_positions (id, x, y, direction, trajectory_id)
VALUES
    (
        '01JF789Z62F7NM6V8BG8DAEMG7',
        2210,
        1500,
        90,
        '01JET1DV4WJ2EP78B8HAKK5SP0'
    );

INSERT INTO
    walking_information (id, pedestrian_id)
VALUES
    (
        '01JF789Z623KGD2N4ATECPRVCT',
        '01F8VYXK67BGC1F9RP1E4S9YAK'
    );

INSERT INTO
    walking_samples (
        id,
        is_converged,
        trajectory_id,
        walking_information_id
    )
VALUES
    (
        '01JF789Z62V3873M38WGYTB69W',
        TRUE,
        '01JET1DV4WJ2EP78B8HAKK5SP0',
        '01JF789Z623KGD2N4ATECPRVCT'
    );

INSERT INTO
    estimated_positions (id, x, y, direction, walking_sample_id)
VALUES
    (
        '01JF789Z62181QXP0KAPBWMRFG',
        2270,
        1500,
        90,
        '01JF789Z62V3873M38WGYTB69W'
    );

INSERT INTO
    correct_positions (id, x, y, direction, trajectory_id)
VALUES
    (
        '01JF789Z62AMB7BMGW6MFB4QFC',
        2270,
        1500,
        90,
        '01JET1DV4WJ2EP78B8HAKK5SP0'
    );

INSERT INTO
    walking_information (id, pedestrian_id)
VALUES
    (
        '01JF789Z6284MYM9CD1RMXVQHS',
        '01F8VYXK67BGC1F9RP1E4S9YAK'
    );

INSERT INTO
    walking_samples (
        id,
        is_converged,
        trajectory_id,
        walking_information_id
    )
VALUES
    (
        '01JF789Z62E0ZF0Q5G84EPT9N3',
        TRUE,
        '01JET1DV4WJ2EP78B8HAKK5SP0',
        '01JF789Z6284MYM9CD1RMXVQHS'
    );

INSERT INTO
    estimated_positions (id, x, y, direction, walking_sample_id)
VALUES
    (
        '01JF789Z62Y388KHRN8DJ9SM37',
        2330,
        1500,
        90,
        '01JF789Z62E0ZF0Q5G84EPT9N3'
    );

INSERT INTO
    correct_positions (id, x, y, direction, trajectory_id)
VALUES
    (
        '01JF789Z62H9441NCK45EE88D7',
        2330,
        1500,
        90,
        '01JET1DV4WJ2EP78B8HAKK5SP0'
    );

INSERT INTO
    walking_information (id, pedestrian_id)
VALUES
    (
        '01JF789Z62J889NM4FTFYVDRDS',
        '01F8VYXK67BGC1F9RP1E4S9YAK'
    );

INSERT INTO
    walking_samples (
        id,
        is_converged,
        trajectory_id,
        walking_information_id
    )
VALUES
    (
        '01JF789Z627VVJJB06N48BWBDE',
        TRUE,
        '01JET1DV4WJ2EP78B8HAKK5SP0',
        '01JF789Z62J889NM4FTFYVDRDS'
    );

INSERT INTO
    estimated_positions (id, x, y, direction, walking_sample_id)
VALUES
    (
        '01JF789Z62HTZ2MG965QWPAJ80',
        2390,
        1500,
        90,
        '01JF789Z627VVJJB06N48BWBDE'
    );

INSERT INTO
    correct_positions (id, x, y, direction, trajectory_id)
VALUES
    (
        '01JF789Z624Q9MFNPEVYVJY2RE',
        2390,
        1500,
        90,
        '01JET1DV4WJ2EP78B8HAKK5SP0'
    );

INSERT INTO
    walking_information (id, pedestrian_id)
VALUES
    (
        '01JF789Z62A20ZR2P9EX12BMTW',
        '01F8VYXK67BGC1F9RP1E4S9YAK'
    );

INSERT INTO
    walking_samples (
        id,
        is_converged,
        trajectory_id,
        walking_information_id
    )
VALUES
    (
        '01JF789Z62CNJPJVAYJ7CJE2V2',
        TRUE,
        '01JET1DV4WJ2EP78B8HAKK5SP0',
        '01JF789Z62A20ZR2P9EX12BMTW'
    );

INSERT INTO
    estimated_positions (id, x, y, direction, walking_sample_id)
VALUES
    (
        '01JF789Z62GFRSFGZ18P1DDZG8',
        2450,
        1500,
        90,
        '01JF789Z62CNJPJVAYJ7CJE2V2'
    );

INSERT INTO
    correct_positions (id, x, y, direction, trajectory_id)
VALUES
    (
        '01JF789Z62E7DS7WGCRVJJ5VPX',
        2450,
        1500,
        90,
        '01JET1DV4WJ2EP78B8HAKK5SP0'
    );

INSERT INTO
    walking_information (id, pedestrian_id)
VALUES
    (
        '01JF789Z62KQT1Y9BCG79S3DYQ',
        '01F8VYXK67BGC1F9RP1E4S9YAK'
    );

INSERT INTO
    walking_samples (
        id,
        is_converged,
        trajectory_id,
        walking_information_id
    )
VALUES
    (
        '01JF789Z62JSMT9FND06R3MB8T',
        TRUE,
        '01JET1DV4WJ2EP78B8HAKK5SP0',
        '01JF789Z62KQT1Y9BCG79S3DYQ'
    );

INSERT INTO
    estimated_positions (id, x, y, direction, walking_sample_id)
VALUES
    (
        '01JF789Z625YTZXNWPER1XCYPS',
        2510,
        1500,
        90,
        '01JF789Z62JSMT9FND06R3MB8T'
    );

INSERT INTO
    correct_positions (id, x, y, direction, trajectory_id)
VALUES
    (
        '01JF789Z62C8P4RXYHF41585C3',
        2510,
        1500,
        90,
        '01JET1DV4WJ2EP78B8HAKK5SP0'
    );

INSERT INTO
    walking_information (id, pedestrian_id)
VALUES
    (
        '01JF789Z627PZHW4EWYESP3P0V',
        '01F8VYXK67BGC1F9RP1E4S9YAK'
    );

INSERT INTO
    walking_samples (
        id,
        is_converged,
        trajectory_id,
        walking_information_id
    )
VALUES
    (
        '01JF789Z62G0MRNDYN1JFRJP1X',
        TRUE,
        '01JET1DV4WJ2EP78B8HAKK5SP0',
        '01JF789Z627PZHW4EWYESP3P0V'
    );

INSERT INTO
    estimated_positions (id, x, y, direction, walking_sample_id)
VALUES
    (
        '01JF789Z62TBWBVK81TCB6KKBV',
        2570,
        1500,
        90,
        '01JF789Z62G0MRNDYN1JFRJP1X'
    );

INSERT INTO
    correct_positions (id, x, y, direction, trajectory_id)
VALUES
    (
        '01JF789Z62EW0T4ZDTCB18WE5K',
        2570,
        1500,
        90,
        '01JET1DV4WJ2EP78B8HAKK5SP0'
    );

INSERT INTO
    walking_information (id, pedestrian_id)
VALUES
    (
        '01JF789Z62E14Z7CAHTPHQVVC5',
        '01F8VYXK67BGC1F9RP1E4S9YAK'
    );

INSERT INTO
    walking_samples (
        id,
        is_converged,
        trajectory_id,
        walking_information_id
    )
VALUES
    (
        '01JF789Z620YRCC7NRABRWSS5J',
        TRUE,
        '01JET1DV4WJ2EP78B8HAKK5SP0',
        '01JF789Z62E14Z7CAHTPHQVVC5'
    );

INSERT INTO
    estimated_positions (id, x, y, direction, walking_sample_id)
VALUES
    (
        '01JF789Z62WAA8JW623TBC63H3',
        2630,
        1500,
        90,
        '01JF789Z620YRCC7NRABRWSS5J'
    );

INSERT INTO
    correct_positions (id, x, y, direction, trajectory_id)
VALUES
    (
        '01JF789Z62VR3G79MN4P3HV4AW',
        2630,
        1500,
        90,
        '01JET1DV4WJ2EP78B8HAKK5SP0'
    );

INSERT INTO
    walking_information (id, pedestrian_id)
VALUES
    (
        '01JF789Z625DKQA2NNFFFZVRR1',
        '01F8VYXK67BGC1F9RP1E4S9YAK'
    );

INSERT INTO
    walking_samples (
        id,
        is_converged,
        trajectory_id,
        walking_information_id
    )
VALUES
    (
        '01JF789Z622XY7YWV76W0Y8PXE',
        TRUE,
        '01JET1DV4WJ2EP78B8HAKK5SP0',
        '01JF789Z625DKQA2NNFFFZVRR1'
    );

INSERT INTO
    estimated_positions (id, x, y, direction, walking_sample_id)
VALUES
    (
        '01JF789Z62JTFMN2VEZ1F24DZ5',
        2650,
        1500,
        180,
        '01JF789Z622XY7YWV76W0Y8PXE'
    );

INSERT INTO
    correct_positions (id, x, y, direction, trajectory_id)
VALUES
    (
        '01JF789Z627RTRKVM506XW9198',
        2650,
        1500,
        180,
        '01JET1DV4WJ2EP78B8HAKK5SP0'
    );

INSERT INTO
    walking_information (id, pedestrian_id)
VALUES
    (
        '01JF789Z62N2GBG124BGBSQZBF',
        '01F8VYXK67BGC1F9RP1E4S9YAK'
    );

INSERT INTO
    walking_samples (
        id,
        is_converged,
        trajectory_id,
        walking_information_id
    )
VALUES
    (
        '01JF789Z62970FQYRSB1BADY6X',
        TRUE,
        '01JET1DV4WJ2EP78B8HAKK5SP0',
        '01JF789Z62N2GBG124BGBSQZBF'
    );

INSERT INTO
    estimated_positions (id, x, y, direction, walking_sample_id)
VALUES
    (
        '01JF789Z624ZNK4AJ45KXGS72K',
        2650,
        1500,
        180,
        '01JF789Z62970FQYRSB1BADY6X'
    );

INSERT INTO
    correct_positions (id, x, y, direction, trajectory_id)
VALUES
    (
        '01JF789Z62K0479WA3ER90M5P6',
        2650,
        1500,
        180,
        '01JET1DV4WJ2EP78B8HAKK5SP0'
    );

INSERT INTO
    walking_information (id, pedestrian_id)
VALUES
    (
        '01JF789Z62B6ZSW19RN92FXV4R',
        '01F8VYXK67BGC1F9RP1E4S9YAK'
    );

INSERT INTO
    walking_samples (
        id,
        is_converged,
        trajectory_id,
        walking_information_id
    )
VALUES
    (
        '01JF789Z62MDE969825DKHA4SM',
        TRUE,
        '01JET1DV4WJ2EP78B8HAKK5SP0',
        '01JF789Z62B6ZSW19RN92FXV4R'
    );

INSERT INTO
    estimated_positions (id, x, y, direction, walking_sample_id)
VALUES
    (
        '01JF789Z62ZN31SQG9YMBDJWA3',
        2650,
        1560,
        180,
        '01JF789Z62MDE969825DKHA4SM'
    );

INSERT INTO
    correct_positions (id, x, y, direction, trajectory_id)
VALUES
    (
        '01JF789Z62DPAS1D9V0VZHFFZQ',
        2650,
        1560,
        180,
        '01JET1DV4WJ2EP78B8HAKK5SP0'
    );

INSERT INTO
    walking_information (id, pedestrian_id)
VALUES
    (
        '01JF789Z62RSYTG3WJ1Y6E06KC',
        '01F8VYXK67BGC1F9RP1E4S9YAK'
    );

INSERT INTO
    walking_samples (
        id,
        is_converged,
        trajectory_id,
        walking_information_id
    )
VALUES
    (
        '01JF789Z62516DFBTVMGEVEKNY',
        TRUE,
        '01JET1DV4WJ2EP78B8HAKK5SP0',
        '01JF789Z62RSYTG3WJ1Y6E06KC'
    );

INSERT INTO
    estimated_positions (id, x, y, direction, walking_sample_id)
VALUES
    (
        '01JF789Z62Z3NYMZC1M2Z173ZA',
        2650,
        1620,
        180,
        '01JF789Z62516DFBTVMGEVEKNY'
    );

INSERT INTO
    correct_positions (id, x, y, direction, trajectory_id)
VALUES
    (
        '01JF789Z622P3Z5B1DEN731TVS',
        2650,
        1620,
        180,
        '01JET1DV4WJ2EP78B8HAKK5SP0'
    );

INSERT INTO
    walking_information (id, pedestrian_id)
VALUES
    (
        '01JF789Z62NDPACJMP3HXZSTFR',
        '01F8VYXK67BGC1F9RP1E4S9YAK'
    );

INSERT INTO
    walking_samples (
        id,
        is_converged,
        trajectory_id,
        walking_information_id
    )
VALUES
    (
        '01JF789Z62JPN0T0F5W4JBBCMV',
        TRUE,
        '01JET1DV4WJ2EP78B8HAKK5SP0',
        '01JF789Z62NDPACJMP3HXZSTFR'
    );

INSERT INTO
    estimated_positions (id, x, y, direction, walking_sample_id)
VALUES
    (
        '01JF789Z627PF986RDDBDD7B5Z',
        2650,
        1680,
        180,
        '01JF789Z62JPN0T0F5W4JBBCMV'
    );

INSERT INTO
    correct_positions (id, x, y, direction, trajectory_id)
VALUES
    (
        '01JF789Z63X17KPBKC266TAYTP',
        2650,
        1680,
        180,
        '01JET1DV4WJ2EP78B8HAKK5SP0'
    );

INSERT INTO
    walking_information (id, pedestrian_id)
VALUES
    (
        '01JF789Z63BJEJ7CWK2N2QEKGD',
        '01F8VYXK67BGC1F9RP1E4S9YAK'
    );

INSERT INTO
    walking_samples (
        id,
        is_converged,
        trajectory_id,
        walking_information_id
    )
VALUES
    (
        '01JF789Z63B124079XR8HBHNWZ',
        TRUE,
        '01JET1DV4WJ2EP78B8HAKK5SP0',
        '01JF789Z63BJEJ7CWK2N2QEKGD'
    );

INSERT INTO
    estimated_positions (id, x, y, direction, walking_sample_id)
VALUES
    (
        '01JF789Z63X7PZ5G0H24FB217B',
        2650,
        1740,
        180,
        '01JF789Z63B124079XR8HBHNWZ'
    );

INSERT INTO
    correct_positions (id, x, y, direction, trajectory_id)
VALUES
    (
        '01JF789Z63YH7P3ZCFBB182MRR',
        2650,
        1740,
        180,
        '01JET1DV4WJ2EP78B8HAKK5SP0'
    );

INSERT INTO
    walking_information (id, pedestrian_id)
VALUES
    (
        '01JF789Z63BR39J6Q0SRE3547X',
        '01F8VYXK67BGC1F9RP1E4S9YAK'
    );

INSERT INTO
    walking_samples (
        id,
        is_converged,
        trajectory_id,
        walking_information_id
    )
VALUES
    (
        '01JF789Z63ZCHWRWWE054FG964',
        TRUE,
        '01JET1DV4WJ2EP78B8HAKK5SP0',
        '01JF789Z63BR39J6Q0SRE3547X'
    );

INSERT INTO
    estimated_positions (id, x, y, direction, walking_sample_id)
VALUES
    (
        '01JF789Z63ATQV5M8MG2Y2S32H',
        2650,
        1800,
        180,
        '01JF789Z63ZCHWRWWE054FG964'
    );

INSERT INTO
    correct_positions (id, x, y, direction, trajectory_id)
VALUES
    (
        '01JF789Z63AGPY89W0047TX9BT',
        2650,
        1800,
        180,
        '01JET1DV4WJ2EP78B8HAKK5SP0'
    );

INSERT INTO
    walking_information (id, pedestrian_id)
VALUES
    (
        '01JF789Z63M091D9XY3KG1MCYY',
        '01F8VYXK67BGC1F9RP1E4S9YAK'
    );

INSERT INTO
    walking_samples (
        id,
        is_converged,
        trajectory_id,
        walking_information_id
    )
VALUES
    (
        '01JF789Z63EJ3VDCQX6G2JAX09',
        TRUE,
        '01JET1DV4WJ2EP78B8HAKK5SP0',
        '01JF789Z63M091D9XY3KG1MCYY'
    );

INSERT INTO
    estimated_positions (id, x, y, direction, walking_sample_id)
VALUES
    (
        '01JF789Z63F28945JTHTWFVDA3',
        2650,
        1860,
        180,
        '01JF789Z63EJ3VDCQX6G2JAX09'
    );

INSERT INTO
    correct_positions (id, x, y, direction, trajectory_id)
VALUES
    (
        '01JF789Z63QR0HE667WZVQJ11K',
        2650,
        1860,
        180,
        '01JET1DV4WJ2EP78B8HAKK5SP0'
    );

INSERT INTO
    walking_information (id, pedestrian_id)
VALUES
    (
        '01JF789Z63SANME3M169FCA00Q',
        '01F8VYXK67BGC1F9RP1E4S9YAK'
    );

INSERT INTO
    walking_samples (
        id,
        is_converged,
        trajectory_id,
        walking_information_id
    )
VALUES
    (
        '01JF789Z63CGJ0PSPHTBNPF3VH',
        TRUE,
        '01JET1DV4WJ2EP78B8HAKK5SP0',
        '01JF789Z63SANME3M169FCA00Q'
    );

INSERT INTO
    estimated_positions (id, x, y, direction, walking_sample_id)
VALUES
    (
        '01JF789Z634KYYAYXP61DMF4H6',
        2650,
        1920,
        180,
        '01JF789Z63CGJ0PSPHTBNPF3VH'
    );

INSERT INTO
    correct_positions (id, x, y, direction, trajectory_id)
VALUES
    (
        '01JF789Z63YSY4PZXXBAYMWPMM',
        2650,
        1920,
        180,
        '01JET1DV4WJ2EP78B8HAKK5SP0'
    );

INSERT INTO
    walking_information (id, pedestrian_id)
VALUES
    (
        '01JF789Z63G0K8VMJ30SCNHJWR',
        '01F8VYXK67BGC1F9RP1E4S9YAK'
    );

INSERT INTO
    walking_samples (
        id,
        is_converged,
        trajectory_id,
        walking_information_id
    )
VALUES
    (
        '01JF789Z63FX3JK8S347C9RZHZ',
        TRUE,
        '01JET1DV4WJ2EP78B8HAKK5SP0',
        '01JF789Z63G0K8VMJ30SCNHJWR'
    );

INSERT INTO
    estimated_positions (id, x, y, direction, walking_sample_id)
VALUES
    (
        '01JF789Z634J96SGM1PDVC27AW',
        2650,
        1980,
        180,
        '01JF789Z63FX3JK8S347C9RZHZ'
    );

INSERT INTO
    correct_positions (id, x, y, direction, trajectory_id)
VALUES
    (
        '01JF789Z631GBNEXRNMJT8FMCJ',
        2650,
        1980,
        180,
        '01JET1DV4WJ2EP78B8HAKK5SP0'
    );

INSERT INTO
    walking_information (id, pedestrian_id)
VALUES
    (
        '01JF789Z633YDZYTZXJ0PKVB43',
        '01F8VYXK67BGC1F9RP1E4S9YAK'
    );

INSERT INTO
    walking_samples (
        id,
        is_converged,
        trajectory_id,
        walking_information_id
    )
VALUES
    (
        '01JF789Z639P1KQYQ8SJK8JC2Z',
        TRUE,
        '01JET1DV4WJ2EP78B8HAKK5SP0',
        '01JF789Z633YDZYTZXJ0PKVB43'
    );

INSERT INTO
    estimated_positions (id, x, y, direction, walking_sample_id)
VALUES
    (
        '01JF789Z630JECWSZV638KAK92',
        2650,
        2040,
        180,
        '01JF789Z639P1KQYQ8SJK8JC2Z'
    );

INSERT INTO
    correct_positions (id, x, y, direction, trajectory_id)
VALUES
    (
        '01JF789Z633S3JN8Y5939DH6VH',
        2650,
        2040,
        180,
        '01JET1DV4WJ2EP78B8HAKK5SP0'
    );

INSERT INTO
    walking_information (id, pedestrian_id)
VALUES
    (
        '01JF789Z63V9Q8BCYFC0EEY5ZC',
        '01F8VYXK67BGC1F9RP1E4S9YAK'
    );

INSERT INTO
    walking_samples (
        id,
        is_converged,
        trajectory_id,
        walking_information_id
    )
VALUES
    (
        '01JF789Z6356SCTYJ5B3MH9X3S',
        TRUE,
        '01JET1DV4WJ2EP78B8HAKK5SP0',
        '01JF789Z63V9Q8BCYFC0EEY5ZC'
    );

INSERT INTO
    estimated_positions (id, x, y, direction, walking_sample_id)
VALUES
    (
        '01JF789Z63CXK5YA984YXDFA10',
        2650,
        2100,
        180,
        '01JF789Z6356SCTYJ5B3MH9X3S'
    );

INSERT INTO
    correct_positions (id, x, y, direction, trajectory_id)
VALUES
    (
        '01JF789Z63N8CEZG3J24QAEFV7',
        2650,
        2100,
        180,
        '01JET1DV4WJ2EP78B8HAKK5SP0'
    );

INSERT INTO
    walking_information (id, pedestrian_id)
VALUES
    (
        '01JF789Z63KGCNHR75B6HYN43A',
        '01F8VYXK67BGC1F9RP1E4S9YAK'
    );

INSERT INTO
    walking_samples (
        id,
        is_converged,
        trajectory_id,
        walking_information_id
    )
VALUES
    (
        '01JF789Z63NBPTPRQ2RBK11NSJ',
        TRUE,
        '01JET1DV4WJ2EP78B8HAKK5SP0',
        '01JF789Z63KGCNHR75B6HYN43A'
    );

INSERT INTO
    estimated_positions (id, x, y, direction, walking_sample_id)
VALUES
    (
        '01JF789Z63KNJEKGX0J4NFF7JP',
        2650,
        2160,
        180,
        '01JF789Z63NBPTPRQ2RBK11NSJ'
    );

INSERT INTO
    correct_positions (id, x, y, direction, trajectory_id)
VALUES
    (
        '01JF789Z63NF9SFYQ3HREJ8HT6',
        2650,
        2160,
        180,
        '01JET1DV4WJ2EP78B8HAKK5SP0'
    );

INSERT INTO
    walking_information (id, pedestrian_id)
VALUES
    (
        '01JF789Z638JVQK8EV7K94KZZW',
        '01F8VYXK67BGC1F9RP1E4S9YAK'
    );

INSERT INTO
    walking_samples (
        id,
        is_converged,
        trajectory_id,
        walking_information_id
    )
VALUES
    (
        '01JF789Z63N85KQ77KWH1FW94R',
        TRUE,
        '01JET1DV4WJ2EP78B8HAKK5SP0',
        '01JF789Z638JVQK8EV7K94KZZW'
    );

INSERT INTO
    estimated_positions (id, x, y, direction, walking_sample_id)
VALUES
    (
        '01JF789Z63NG9R5NMMGB64Z3XN',
        2650,
        2220,
        180,
        '01JF789Z63N85KQ77KWH1FW94R'
    );

INSERT INTO
    correct_positions (id, x, y, direction, trajectory_id)
VALUES
    (
        '01JF789Z63JHE63PF3JNR8BYTQ',
        2650,
        2220,
        180,
        '01JET1DV4WJ2EP78B8HAKK5SP0'
    );

INSERT INTO
    walking_information (id, pedestrian_id)
VALUES
    (
        '01JF789Z63S65JVBPKCS9X0SVG',
        '01F8VYXK67BGC1F9RP1E4S9YAK'
    );

INSERT INTO
    walking_samples (
        id,
        is_converged,
        trajectory_id,
        walking_information_id
    )
VALUES
    (
        '01JF789Z639D7AVHFFJJVC7RG7',
        TRUE,
        '01JET1DV4WJ2EP78B8HAKK5SP0',
        '01JF789Z63S65JVBPKCS9X0SVG'
    );

INSERT INTO
    estimated_positions (id, x, y, direction, walking_sample_id)
VALUES
    (
        '01JF789Z63NJWZ47ANCNBM1WK1',
        2650,
        2280,
        180,
        '01JF789Z639D7AVHFFJJVC7RG7'
    );

INSERT INTO
    correct_positions (id, x, y, direction, trajectory_id)
VALUES
    (
        '01JF789Z63751QNBRHP3Y2V2KD',
        2650,
        2280,
        180,
        '01JET1DV4WJ2EP78B8HAKK5SP0'
    );

INSERT INTO
    walking_information (id, pedestrian_id)
VALUES
    (
        '01JF789Z6362523MASXB300ZEJ',
        '01F8VYXK67BGC1F9RP1E4S9YAK'
    );

INSERT INTO
    walking_samples (
        id,
        is_converged,
        trajectory_id,
        walking_information_id
    )
VALUES
    (
        '01JF789Z63YTAMBA6ZXGHPB1KA',
        TRUE,
        '01JET1DV4WJ2EP78B8HAKK5SP0',
        '01JF789Z6362523MASXB300ZEJ'
    );

INSERT INTO
    estimated_positions (id, x, y, direction, walking_sample_id)
VALUES
    (
        '01JF789Z632XM6JW9HPKRCE4F7',
        2650,
        2340,
        180,
        '01JF789Z63YTAMBA6ZXGHPB1KA'
    );

INSERT INTO
    correct_positions (id, x, y, direction, trajectory_id)
VALUES
    (
        '01JF789Z63EA5B7TTFKXA3XGT5',
        2650,
        2340,
        180,
        '01JET1DV4WJ2EP78B8HAKK5SP0'
    );

INSERT INTO
    walking_information (id, pedestrian_id)
VALUES
    (
        '01JF789Z639BE8KABZSTZZJEV5',
        '01F8VYXK67BGC1F9RP1E4S9YAK'
    );

INSERT INTO
    walking_samples (
        id,
        is_converged,
        trajectory_id,
        walking_information_id
    )
VALUES
    (
        '01JF789Z632F0Z3D4RS7CG04KH',
        TRUE,
        '01JET1DV4WJ2EP78B8HAKK5SP0',
        '01JF789Z639BE8KABZSTZZJEV5'
    );

INSERT INTO
    estimated_positions (id, x, y, direction, walking_sample_id)
VALUES
    (
        '01JF789Z63ER0QMAJ5JD9JAGTY',
        2650,
        2400,
        180,
        '01JF789Z632F0Z3D4RS7CG04KH'
    );

INSERT INTO
    correct_positions (id, x, y, direction, trajectory_id)
VALUES
    (
        '01JF789Z633C3V9CPZRBN10KVQ',
        2650,
        2400,
        180,
        '01JET1DV4WJ2EP78B8HAKK5SP0'
    );

INSERT INTO
    walking_information (id, pedestrian_id)
VALUES
    (
        '01JF789Z63H8AQBKEN6NN11Q98',
        '01F8VYXK67BGC1F9RP1E4S9YAK'
    );

INSERT INTO
    walking_samples (
        id,
        is_converged,
        trajectory_id,
        walking_information_id
    )
VALUES
    (
        '01JF789Z635C51NJRPWFWZ9H3G',
        TRUE,
        '01JET1DV4WJ2EP78B8HAKK5SP0',
        '01JF789Z63H8AQBKEN6NN11Q98'
    );

INSERT INTO
    estimated_positions (id, x, y, direction, walking_sample_id)
VALUES
    (
        '01JF789Z639M2311HH9CTY6H1R',
        2650,
        2460,
        180,
        '01JF789Z635C51NJRPWFWZ9H3G'
    );

INSERT INTO
    correct_positions (id, x, y, direction, trajectory_id)
VALUES
    (
        '01JF789Z63ZTJ5J8ZC0WP09FCY',
        2650,
        2460,
        180,
        '01JET1DV4WJ2EP78B8HAKK5SP0'
    );

INSERT INTO
    walking_information (id, pedestrian_id)
VALUES
    (
        '01JF789Z63EAV5D1Q9D3YS0362',
        '01F8VYXK67BGC1F9RP1E4S9YAK'
    );

INSERT INTO
    walking_samples (
        id,
        is_converged,
        trajectory_id,
        walking_information_id
    )
VALUES
    (
        '01JF789Z63XH6AEWQH160MPCPN',
        TRUE,
        '01JET1DV4WJ2EP78B8HAKK5SP0',
        '01JF789Z63EAV5D1Q9D3YS0362'
    );

INSERT INTO
    estimated_positions (id, x, y, direction, walking_sample_id)
VALUES
    (
        '01JF789Z63Q7VWEMST6NRYNGGX',
        2650,
        2520,
        180,
        '01JF789Z63XH6AEWQH160MPCPN'
    );

INSERT INTO
    correct_positions (id, x, y, direction, trajectory_id)
VALUES
    (
        '01JF789Z63E9RTVEQXHN40PGS0',
        2650,
        2520,
        180,
        '01JET1DV4WJ2EP78B8HAKK5SP0'
    );

INSERT INTO
    walking_information (id, pedestrian_id)
VALUES
    (
        '01JF789Z63CQT6JH8F6VKBPGG4',
        '01F8VYXK67BGC1F9RP1E4S9YAK'
    );

INSERT INTO
    walking_samples (
        id,
        is_converged,
        trajectory_id,
        walking_information_id
    )
VALUES
    (
        '01JF789Z63M1E95RS636NHHYY9',
        TRUE,
        '01JET1DV4WJ2EP78B8HAKK5SP0',
        '01JF789Z63CQT6JH8F6VKBPGG4'
    );

INSERT INTO
    estimated_positions (id, x, y, direction, walking_sample_id)
VALUES
    (
        '01JF789Z639X2MJXPZ437F18P7',
        2650,
        2580,
        180,
        '01JF789Z63M1E95RS636NHHYY9'
    );

INSERT INTO
    correct_positions (id, x, y, direction, trajectory_id)
VALUES
    (
        '01JF789Z63QHSM63HCJRC6Y5WH',
        2650,
        2580,
        180,
        '01JET1DV4WJ2EP78B8HAKK5SP0'
    );

INSERT INTO
    walking_information (id, pedestrian_id)
VALUES
    (
        '01JF789Z63WWXQDWCBZG5ZX71W',
        '01F8VYXK67BGC1F9RP1E4S9YAK'
    );

INSERT INTO
    walking_samples (
        id,
        is_converged,
        trajectory_id,
        walking_information_id
    )
VALUES
    (
        '01JF789Z63KJ8KHKQK0R1NKM29',
        TRUE,
        '01JET1DV4WJ2EP78B8HAKK5SP0',
        '01JF789Z63WWXQDWCBZG5ZX71W'
    );

INSERT INTO
    estimated_positions (id, x, y, direction, walking_sample_id)
VALUES
    (
        '01JF789Z63J95JJ5VHWJBKD9P5',
        2650,
        2640,
        180,
        '01JF789Z63KJ8KHKQK0R1NKM29'
    );

INSERT INTO
    correct_positions (id, x, y, direction, trajectory_id)
VALUES
    (
        '01JF789Z63EG6KQC6AWTVADB9A',
        2650,
        2640,
        180,
        '01JET1DV4WJ2EP78B8HAKK5SP0'
    );

INSERT INTO
    walking_information (id, pedestrian_id)
VALUES
    (
        '01JF789Z63PJWT37WM3WW9W471',
        '01F8VYXK67BGC1F9RP1E4S9YAK'
    );

INSERT INTO
    walking_samples (
        id,
        is_converged,
        trajectory_id,
        walking_information_id
    )
VALUES
    (
        '01JF789Z63HX17FGZYQ37WSV9V',
        TRUE,
        '01JET1DV4WJ2EP78B8HAKK5SP0',
        '01JF789Z63PJWT37WM3WW9W471'
    );

INSERT INTO
    estimated_positions (id, x, y, direction, walking_sample_id)
VALUES
    (
        '01JF789Z63TY7FVTMREH1RJ6XS',
        2650,
        2700,
        270,
        '01JF789Z63HX17FGZYQ37WSV9V'
    );

INSERT INTO
    correct_positions (id, x, y, direction, trajectory_id)
VALUES
    (
        '01JF789Z6347AE785MXRQZ4GDS',
        2650,
        2700,
        270,
        '01JET1DV4WJ2EP78B8HAKK5SP0'
    );

INSERT INTO
    walking_information (id, pedestrian_id)
VALUES
    (
        '01JF789Z637A1HC4DXE1WMWVQX',
        '01F8VYXK67BGC1F9RP1E4S9YAK'
    );

INSERT INTO
    walking_samples (
        id,
        is_converged,
        trajectory_id,
        walking_information_id
    )
VALUES
    (
        '01JF789Z63BX4NDCZGDN4RA77X',
        TRUE,
        '01JET1DV4WJ2EP78B8HAKK5SP0',
        '01JF789Z637A1HC4DXE1WMWVQX'
    );

INSERT INTO
    estimated_positions (id, x, y, direction, walking_sample_id)
VALUES
    (
        '01JF789Z63WP0TJARVYNPV3RYB',
        2650,
        2700,
        270,
        '01JF789Z63BX4NDCZGDN4RA77X'
    );

INSERT INTO
    correct_positions (id, x, y, direction, trajectory_id)
VALUES
    (
        '01JF789Z632B8BMM7MARRV8W4A',
        2650,
        2700,
        270,
        '01JET1DV4WJ2EP78B8HAKK5SP0'
    );

INSERT INTO
    walking_information (id, pedestrian_id)
VALUES
    (
        '01JF789Z63W4DF2R9MNAVQ6DT2',
        '01F8VYXK67BGC1F9RP1E4S9YAK'
    );

INSERT INTO
    walking_samples (
        id,
        is_converged,
        trajectory_id,
        walking_information_id
    )
VALUES
    (
        '01JF789Z63JWKNPREM474G28T9',
        TRUE,
        '01JET1DV4WJ2EP78B8HAKK5SP0',
        '01JF789Z63W4DF2R9MNAVQ6DT2'
    );

INSERT INTO
    estimated_positions (id, x, y, direction, walking_sample_id)
VALUES
    (
        '01JF789Z63PQB00KR18AW193XF',
        2590,
        2700,
        270,
        '01JF789Z63JWKNPREM474G28T9'
    );

INSERT INTO
    correct_positions (id, x, y, direction, trajectory_id)
VALUES
    (
        '01JF789Z63M4RJAEMBAXTT67RN',
        2590,
        2700,
        270,
        '01JET1DV4WJ2EP78B8HAKK5SP0'
    );

INSERT INTO
    walking_information (id, pedestrian_id)
VALUES
    (
        '01JF789Z631SKBE3ZQ1Z3549XQ',
        '01F8VYXK67BGC1F9RP1E4S9YAK'
    );

INSERT INTO
    walking_samples (
        id,
        is_converged,
        trajectory_id,
        walking_information_id
    )
VALUES
    (
        '01JF789Z63C4CP38V55Q309R06',
        TRUE,
        '01JET1DV4WJ2EP78B8HAKK5SP0',
        '01JF789Z631SKBE3ZQ1Z3549XQ'
    );

INSERT INTO
    estimated_positions (id, x, y, direction, walking_sample_id)
VALUES
    (
        '01JF789Z63KPG23SSRHTW55XEW',
        2530,
        2700,
        270,
        '01JF789Z63C4CP38V55Q309R06'
    );

INSERT INTO
    correct_positions (id, x, y, direction, trajectory_id)
VALUES
    (
        '01JF789Z63PNPD0HZF56R4F8B1',
        2530,
        2700,
        270,
        '01JET1DV4WJ2EP78B8HAKK5SP0'
    );

INSERT INTO
    walking_information (id, pedestrian_id)
VALUES
    (
        '01JF789Z630P34D7BQF5BFF65Y',
        '01F8VYXK67BGC1F9RP1E4S9YAK'
    );

INSERT INTO
    walking_samples (
        id,
        is_converged,
        trajectory_id,
        walking_information_id
    )
VALUES
    (
        '01JF789Z63K74RT3TH79R75H1E',
        TRUE,
        '01JET1DV4WJ2EP78B8HAKK5SP0',
        '01JF789Z630P34D7BQF5BFF65Y'
    );

INSERT INTO
    estimated_positions (id, x, y, direction, walking_sample_id)
VALUES
    (
        '01JF789Z63QE7KVBZXM2ERZ9ST',
        2470,
        2700,
        270,
        '01JF789Z63K74RT3TH79R75H1E'
    );

INSERT INTO
    correct_positions (id, x, y, direction, trajectory_id)
VALUES
    (
        '01JF789Z63YPJ1CR9Y3K486HCT',
        2470,
        2700,
        270,
        '01JET1DV4WJ2EP78B8HAKK5SP0'
    );

INSERT INTO
    walking_information (id, pedestrian_id)
VALUES
    (
        '01JF789Z63C4R8XAZZJ539ABK0',
        '01F8VYXK67BGC1F9RP1E4S9YAK'
    );

INSERT INTO
    walking_samples (
        id,
        is_converged,
        trajectory_id,
        walking_information_id
    )
VALUES
    (
        '01JF789Z63DPJ7992Z5XE6B9KX',
        TRUE,
        '01JET1DV4WJ2EP78B8HAKK5SP0',
        '01JF789Z63C4R8XAZZJ539ABK0'
    );

INSERT INTO
    estimated_positions (id, x, y, direction, walking_sample_id)
VALUES
    (
        '01JF789Z63P6N8142NYQ45VRMV',
        2410,
        2700,
        270,
        '01JF789Z63DPJ7992Z5XE6B9KX'
    );

INSERT INTO
    correct_positions (id, x, y, direction, trajectory_id)
VALUES
    (
        '01JF789Z63C9KKGNY2W7YBBCFE',
        2410,
        2700,
        270,
        '01JET1DV4WJ2EP78B8HAKK5SP0'
    );

INSERT INTO
    walking_information (id, pedestrian_id)
VALUES
    (
        '01JF789Z63C0101R25G2XA2CKH',
        '01F8VYXK67BGC1F9RP1E4S9YAK'
    );

INSERT INTO
    walking_samples (
        id,
        is_converged,
        trajectory_id,
        walking_information_id
    )
VALUES
    (
        '01JF789Z6331E1J84K64YSPVCV',
        TRUE,
        '01JET1DV4WJ2EP78B8HAKK5SP0',
        '01JF789Z63C0101R25G2XA2CKH'
    );

INSERT INTO
    estimated_positions (id, x, y, direction, walking_sample_id)
VALUES
    (
        '01JF789Z63JKQQ7R59FFWR3RGA',
        2350,
        2700,
        270,
        '01JF789Z6331E1J84K64YSPVCV'
    );

INSERT INTO
    correct_positions (id, x, y, direction, trajectory_id)
VALUES
    (
        '01JF789Z63REZEKRM02KKBJN0V',
        2350,
        2700,
        270,
        '01JET1DV4WJ2EP78B8HAKK5SP0'
    );

INSERT INTO
    walking_information (id, pedestrian_id)
VALUES
    (
        '01JF789Z63JZ2HSBK8N1BCA3K5',
        '01F8VYXK67BGC1F9RP1E4S9YAK'
    );

INSERT INTO
    walking_samples (
        id,
        is_converged,
        trajectory_id,
        walking_information_id
    )
VALUES
    (
        '01JF789Z63HJZPKBVVDT0YEE83',
        TRUE,
        '01JET1DV4WJ2EP78B8HAKK5SP0',
        '01JF789Z63JZ2HSBK8N1BCA3K5'
    );

INSERT INTO
    estimated_positions (id, x, y, direction, walking_sample_id)
VALUES
    (
        '01JF789Z63DTEGBGNHV49FDZ9Y',
        2290,
        2700,
        270,
        '01JF789Z63HJZPKBVVDT0YEE83'
    );

INSERT INTO
    correct_positions (id, x, y, direction, trajectory_id)
VALUES
    (
        '01JF789Z634PM6K3CGW369RQXZ',
        2290,
        2700,
        270,
        '01JET1DV4WJ2EP78B8HAKK5SP0'
    );

INSERT INTO
    walking_information (id, pedestrian_id)
VALUES
    (
        '01JF789Z63NF4SXCVZF9GQGMDP',
        '01F8VYXK67BGC1F9RP1E4S9YAK'
    );

INSERT INTO
    walking_samples (
        id,
        is_converged,
        trajectory_id,
        walking_information_id
    )
VALUES
    (
        '01JF789Z63JZ76DRWDPP9HZ8BP',
        TRUE,
        '01JET1DV4WJ2EP78B8HAKK5SP0',
        '01JF789Z63NF4SXCVZF9GQGMDP'
    );

INSERT INTO
    estimated_positions (id, x, y, direction, walking_sample_id)
VALUES
    (
        '01JF789Z639A69HHF9E5RH17D7',
        2230,
        2700,
        270,
        '01JF789Z63JZ76DRWDPP9HZ8BP'
    );

INSERT INTO
    correct_positions (id, x, y, direction, trajectory_id)
VALUES
    (
        '01JF789Z6351BFNXXHCD6T4QNK',
        2230,
        2700,
        270,
        '01JET1DV4WJ2EP78B8HAKK5SP0'
    );

INSERT INTO
    walking_information (id, pedestrian_id)
VALUES
    (
        '01JF789Z63GNHC1V7VY7YZ4R5X',
        '01F8VYXK67BGC1F9RP1E4S9YAK'
    );

INSERT INTO
    walking_samples (
        id,
        is_converged,
        trajectory_id,
        walking_information_id
    )
VALUES
    (
        '01JF789Z632TVB7AQ0SPYT0NE1',
        TRUE,
        '01JET1DV4WJ2EP78B8HAKK5SP0',
        '01JF789Z63GNHC1V7VY7YZ4R5X'
    );

INSERT INTO
    estimated_positions (id, x, y, direction, walking_sample_id)
VALUES
    (
        '01JF789Z639PJ5R35W1WC6R0E8',
        2170,
        2700,
        270,
        '01JF789Z632TVB7AQ0SPYT0NE1'
    );

INSERT INTO
    correct_positions (id, x, y, direction, trajectory_id)
VALUES
    (
        '01JF789Z63NG1RATGA9YBQJ86Z',
        2170,
        2700,
        270,
        '01JET1DV4WJ2EP78B8HAKK5SP0'
    );

INSERT INTO
    walking_information (id, pedestrian_id)
VALUES
    (
        '01JF789Z6323HMSQK5ZETNMCWE',
        '01F8VYXK67BGC1F9RP1E4S9YAK'
    );

INSERT INTO
    walking_samples (
        id,
        is_converged,
        trajectory_id,
        walking_information_id
    )
VALUES
    (
        '01JF789Z63Q7PK63657TPCWC9V',
        TRUE,
        '01JET1DV4WJ2EP78B8HAKK5SP0',
        '01JF789Z6323HMSQK5ZETNMCWE'
    );

INSERT INTO
    estimated_positions (id, x, y, direction, walking_sample_id)
VALUES
    (
        '01JF789Z63PDQZ8NT6TYM07TJG',
        2110,
        2700,
        270,
        '01JF789Z63Q7PK63657TPCWC9V'
    );

INSERT INTO
    correct_positions (id, x, y, direction, trajectory_id)
VALUES
    (
        '01JF789Z63H3RGJHH2TW0HX30W',
        2110,
        2700,
        270,
        '01JET1DV4WJ2EP78B8HAKK5SP0'
    );

INSERT INTO
    walking_information (id, pedestrian_id)
VALUES
    (
        '01JF789Z63X43N971EZRFBZAZ8',
        '01F8VYXK67BGC1F9RP1E4S9YAK'
    );

INSERT INTO
    walking_samples (
        id,
        is_converged,
        trajectory_id,
        walking_information_id
    )
VALUES
    (
        '01JF789Z63WH095ZR0MWRPDW12',
        TRUE,
        '01JET1DV4WJ2EP78B8HAKK5SP0',
        '01JF789Z63X43N971EZRFBZAZ8'
    );

INSERT INTO
    estimated_positions (id, x, y, direction, walking_sample_id)
VALUES
    (
        '01JF789Z632NCEVJN1ZQ257GC1',
        2050,
        2700,
        270,
        '01JF789Z63WH095ZR0MWRPDW12'
    );

INSERT INTO
    correct_positions (id, x, y, direction, trajectory_id)
VALUES
    (
        '01JF789Z63RDXQMFME0TQFYPR1',
        2050,
        2700,
        270,
        '01JET1DV4WJ2EP78B8HAKK5SP0'
    );

INSERT INTO
    walking_information (id, pedestrian_id)
VALUES
    (
        '01JF789Z636SDYBHB7T1TAQ0YS',
        '01F8VYXK67BGC1F9RP1E4S9YAK'
    );

INSERT INTO
    walking_samples (
        id,
        is_converged,
        trajectory_id,
        walking_information_id
    )
VALUES
    (
        '01JF789Z63CSASR0KMKCGE3FB3',
        TRUE,
        '01JET1DV4WJ2EP78B8HAKK5SP0',
        '01JF789Z636SDYBHB7T1TAQ0YS'
    );

INSERT INTO
    estimated_positions (id, x, y, direction, walking_sample_id)
VALUES
    (
        '01JF789Z63YTD1PX3TWF2QW351',
        1990,
        2700,
        270,
        '01JF789Z63CSASR0KMKCGE3FB3'
    );

INSERT INTO
    correct_positions (id, x, y, direction, trajectory_id)
VALUES
    (
        '01JF789Z636HBBA9TVM5R23A6N',
        1990,
        2700,
        270,
        '01JET1DV4WJ2EP78B8HAKK5SP0'
    );

INSERT INTO
    walking_information (id, pedestrian_id)
VALUES
    (
        '01JF789Z63CE3365X6PJ303HSW',
        '01F8VYXK67BGC1F9RP1E4S9YAK'
    );

INSERT INTO
    walking_samples (
        id,
        is_converged,
        trajectory_id,
        walking_information_id
    )
VALUES
    (
        '01JF789Z63B2FW60WZ24V3Z70B',
        TRUE,
        '01JET1DV4WJ2EP78B8HAKK5SP0',
        '01JF789Z63CE3365X6PJ303HSW'
    );

INSERT INTO
    estimated_positions (id, x, y, direction, walking_sample_id)
VALUES
    (
        '01JF789Z63AMK7NK94SA5MTGA5',
        1930,
        2700,
        270,
        '01JF789Z63B2FW60WZ24V3Z70B'
    );

INSERT INTO
    correct_positions (id, x, y, direction, trajectory_id)
VALUES
    (
        '01JF789Z63MAEGTD3PQ6G6KN0E',
        1930,
        2700,
        270,
        '01JET1DV4WJ2EP78B8HAKK5SP0'
    );

INSERT INTO
    walking_information (id, pedestrian_id)
VALUES
    (
        '01JF789Z636B7EN094PZ94DNV8',
        '01F8VYXK67BGC1F9RP1E4S9YAK'
    );

INSERT INTO
    walking_samples (
        id,
        is_converged,
        trajectory_id,
        walking_information_id
    )
VALUES
    (
        '01JF789Z63P8TTCY4PZSDKQ4NC',
        TRUE,
        '01JET1DV4WJ2EP78B8HAKK5SP0',
        '01JF789Z636B7EN094PZ94DNV8'
    );

INSERT INTO
    estimated_positions (id, x, y, direction, walking_sample_id)
VALUES
    (
        '01JF789Z63N5VM5EQ4FR5Z7Z9G',
        1870,
        2700,
        270,
        '01JF789Z63P8TTCY4PZSDKQ4NC'
    );

INSERT INTO
    correct_positions (id, x, y, direction, trajectory_id)
VALUES
    (
        '01JF789Z63SNB75RZS5ZQXZF5Q',
        1870,
        2700,
        270,
        '01JET1DV4WJ2EP78B8HAKK5SP0'
    );

INSERT INTO
    walking_information (id, pedestrian_id)
VALUES
    (
        '01JF789Z63NEF8PQD29BWZX28T',
        '01F8VYXK67BGC1F9RP1E4S9YAK'
    );

INSERT INTO
    walking_samples (
        id,
        is_converged,
        trajectory_id,
        walking_information_id
    )
VALUES
    (
        '01JF789Z63XS3XMTBFGCSDRTQ6',
        TRUE,
        '01JET1DV4WJ2EP78B8HAKK5SP0',
        '01JF789Z63NEF8PQD29BWZX28T'
    );

INSERT INTO
    estimated_positions (id, x, y, direction, walking_sample_id)
VALUES
    (
        '01JF789Z63MQB2TBX1FQ3TTBR6',
        1810,
        2700,
        270,
        '01JF789Z63XS3XMTBFGCSDRTQ6'
    );

INSERT INTO
    correct_positions (id, x, y, direction, trajectory_id)
VALUES
    (
        '01JF789Z63HHRC2Q6CHGGQ8Z5R',
        1810,
        2700,
        270,
        '01JET1DV4WJ2EP78B8HAKK5SP0'
    );

INSERT INTO
    walking_information (id, pedestrian_id)
VALUES
    (
        '01JF789Z631KFN3PGQTGX67TNV',
        '01F8VYXK67BGC1F9RP1E4S9YAK'
    );

INSERT INTO
    walking_samples (
        id,
        is_converged,
        trajectory_id,
        walking_information_id
    )
VALUES
    (
        '01JF789Z63BAGMJW9PKYD52GVM',
        TRUE,
        '01JET1DV4WJ2EP78B8HAKK5SP0',
        '01JF789Z631KFN3PGQTGX67TNV'
    );

INSERT INTO
    estimated_positions (id, x, y, direction, walking_sample_id)
VALUES
    (
        '01JF789Z632T451DVF3CXMTQQP',
        1750,
        2700,
        270,
        '01JF789Z63BAGMJW9PKYD52GVM'
    );

INSERT INTO
    correct_positions (id, x, y, direction, trajectory_id)
VALUES
    (
        '01JF789Z63D16CFQ4XVHEZ2A72',
        1750,
        2700,
        270,
        '01JET1DV4WJ2EP78B8HAKK5SP0'
    );

INSERT INTO
    walking_information (id, pedestrian_id)
VALUES
    (
        '01JF789Z63PPMXJTSF88ZNK99E',
        '01F8VYXK67BGC1F9RP1E4S9YAK'
    );

INSERT INTO
    walking_samples (
        id,
        is_converged,
        trajectory_id,
        walking_information_id
    )
VALUES
    (
        '01JF789Z63RA1J3BNJSG0EC0G4',
        TRUE,
        '01JET1DV4WJ2EP78B8HAKK5SP0',
        '01JF789Z63PPMXJTSF88ZNK99E'
    );

INSERT INTO
    estimated_positions (id, x, y, direction, walking_sample_id)
VALUES
    (
        '01JF789Z63669F5F06MNC26X0V',
        1690,
        2700,
        270,
        '01JF789Z63RA1J3BNJSG0EC0G4'
    );

INSERT INTO
    correct_positions (id, x, y, direction, trajectory_id)
VALUES
    (
        '01JF789Z63EDJM4GT475SS2Z3Y',
        1690,
        2700,
        270,
        '01JET1DV4WJ2EP78B8HAKK5SP0'
    );

INSERT INTO
    walking_information (id, pedestrian_id)
VALUES
    (
        '01JF789Z63MFXAE1H8DFRY33PY',
        '01F8VYXK67BGC1F9RP1E4S9YAK'
    );

INSERT INTO
    walking_samples (
        id,
        is_converged,
        trajectory_id,
        walking_information_id
    )
VALUES
    (
        '01JF789Z63Q9BBSH71Q1DG87B0',
        TRUE,
        '01JET1DV4WJ2EP78B8HAKK5SP0',
        '01JF789Z63MFXAE1H8DFRY33PY'
    );

INSERT INTO
    estimated_positions (id, x, y, direction, walking_sample_id)
VALUES
    (
        '01JF789Z63RZ2Y2BC3YW7HPVJZ',
        1630,
        2700,
        270,
        '01JF789Z63Q9BBSH71Q1DG87B0'
    );

INSERT INTO
    correct_positions (id, x, y, direction, trajectory_id)
VALUES
    (
        '01JF789Z63FA6W0ACSQZSFDNK0',
        1630,
        2700,
        270,
        '01JET1DV4WJ2EP78B8HAKK5SP0'
    );

INSERT INTO
    walking_information (id, pedestrian_id)
VALUES
    (
        '01JF789Z6362PE57AZB2NF6XFX',
        '01F8VYXK67BGC1F9RP1E4S9YAK'
    );

INSERT INTO
    walking_samples (
        id,
        is_converged,
        trajectory_id,
        walking_information_id
    )
VALUES
    (
        '01JF789Z63HFTY2FE8E54FZRKY',
        TRUE,
        '01JET1DV4WJ2EP78B8HAKK5SP0',
        '01JF789Z6362PE57AZB2NF6XFX'
    );

INSERT INTO
    estimated_positions (id, x, y, direction, walking_sample_id)
VALUES
    (
        '01JF789Z63DKTAXTJPM7TA5KY5',
        1570,
        2700,
        270,
        '01JF789Z63HFTY2FE8E54FZRKY'
    );

INSERT INTO
    correct_positions (id, x, y, direction, trajectory_id)
VALUES
    (
        '01JF789Z63927W5YV20XKHHQAV',
        1570,
        2700,
        270,
        '01JET1DV4WJ2EP78B8HAKK5SP0'
    );

INSERT INTO
    walking_information (id, pedestrian_id)
VALUES
    (
        '01JF789Z63W9Y4M5Q49Q48CCVB',
        '01F8VYXK67BGC1F9RP1E4S9YAK'
    );

INSERT INTO
    walking_samples (
        id,
        is_converged,
        trajectory_id,
        walking_information_id
    )
VALUES
    (
        '01JF789Z63BFAM898V3TCPV58S',
        TRUE,
        '01JET1DV4WJ2EP78B8HAKK5SP0',
        '01JF789Z63W9Y4M5Q49Q48CCVB'
    );

INSERT INTO
    estimated_positions (id, x, y, direction, walking_sample_id)
VALUES
    (
        '01JF789Z63RDPMEP9RVEYPNDKB',
        1510,
        2700,
        270,
        '01JF789Z63BFAM898V3TCPV58S'
    );

INSERT INTO
    correct_positions (id, x, y, direction, trajectory_id)
VALUES
    (
        '01JF789Z63TQDRATF84EGGATBE',
        1510,
        2700,
        270,
        '01JET1DV4WJ2EP78B8HAKK5SP0'
    );

INSERT INTO
    walking_information (id, pedestrian_id)
VALUES
    (
        '01JF789Z635P0N30ZQ5MN2A2FR',
        '01F8VYXK67BGC1F9RP1E4S9YAK'
    );

INSERT INTO
    walking_samples (
        id,
        is_converged,
        trajectory_id,
        walking_information_id
    )
VALUES
    (
        '01JF789Z636BNWP4HSNJJX1PRX',
        TRUE,
        '01JET1DV4WJ2EP78B8HAKK5SP0',
        '01JF789Z635P0N30ZQ5MN2A2FR'
    );

INSERT INTO
    estimated_positions (id, x, y, direction, walking_sample_id)
VALUES
    (
        '01JF789Z631QR6400DQQT5ZT7X',
        1450,
        2700,
        270,
        '01JF789Z636BNWP4HSNJJX1PRX'
    );

INSERT INTO
    correct_positions (id, x, y, direction, trajectory_id)
VALUES
    (
        '01JF789Z63CFR9V9MGA7NDYBVY',
        1450,
        2700,
        270,
        '01JET1DV4WJ2EP78B8HAKK5SP0'
    );

INSERT INTO
    walking_information (id, pedestrian_id)
VALUES
    (
        '01JF789Z63Y4DHNFFNN39BJS5N',
        '01F8VYXK67BGC1F9RP1E4S9YAK'
    );

INSERT INTO
    walking_samples (
        id,
        is_converged,
        trajectory_id,
        walking_information_id
    )
VALUES
    (
        '01JF789Z635V457PN4H5RSF6N9',
        TRUE,
        '01JET1DV4WJ2EP78B8HAKK5SP0',
        '01JF789Z63Y4DHNFFNN39BJS5N'
    );

INSERT INTO
    estimated_positions (id, x, y, direction, walking_sample_id)
VALUES
    (
        '01JF789Z63QC320QQ0GFKP7YSN',
        1390,
        2700,
        270,
        '01JF789Z635V457PN4H5RSF6N9'
    );

INSERT INTO
    correct_positions (id, x, y, direction, trajectory_id)
VALUES
    (
        '01JF789Z636T0H5QAFBS8JWZJT',
        1390,
        2700,
        270,
        '01JET1DV4WJ2EP78B8HAKK5SP0'
    );

INSERT INTO
    walking_information (id, pedestrian_id)
VALUES
    (
        '01JF789Z634MY9EFBE46ZBKCDS',
        '01F8VYXK67BGC1F9RP1E4S9YAK'
    );

INSERT INTO
    walking_samples (
        id,
        is_converged,
        trajectory_id,
        walking_information_id
    )
VALUES
    (
        '01JF789Z635W8ZF23J59QRQKTP',
        TRUE,
        '01JET1DV4WJ2EP78B8HAKK5SP0',
        '01JF789Z634MY9EFBE46ZBKCDS'
    );

INSERT INTO
    estimated_positions (id, x, y, direction, walking_sample_id)
VALUES
    (
        '01JF789Z63WSQBREH8TM3YMQ4A',
        1330,
        2700,
        270,
        '01JF789Z635W8ZF23J59QRQKTP'
    );

INSERT INTO
    correct_positions (id, x, y, direction, trajectory_id)
VALUES
    (
        '01JF789Z634BYH70JT234RWYC1',
        1330,
        2700,
        270,
        '01JET1DV4WJ2EP78B8HAKK5SP0'
    );

INSERT INTO
    walking_information (id, pedestrian_id)
VALUES
    (
        '01JF789Z63DJGA12QC27WT65Z5',
        '01F8VYXK67BGC1F9RP1E4S9YAK'
    );

INSERT INTO
    walking_samples (
        id,
        is_converged,
        trajectory_id,
        walking_information_id
    )
VALUES
    (
        '01JF789Z6366TCQGB876HTTKSR',
        TRUE,
        '01JET1DV4WJ2EP78B8HAKK5SP0',
        '01JF789Z63DJGA12QC27WT65Z5'
    );

INSERT INTO
    estimated_positions (id, x, y, direction, walking_sample_id)
VALUES
    (
        '01JF789Z633YYX040192GWSE4M',
        1270,
        2700,
        270,
        '01JF789Z6366TCQGB876HTTKSR'
    );

INSERT INTO
    correct_positions (id, x, y, direction, trajectory_id)
VALUES
    (
        '01JF789Z64VW7RQZA5N7CKM71K',
        1270,
        2700,
        270,
        '01JET1DV4WJ2EP78B8HAKK5SP0'
    );

INSERT INTO
    walking_information (id, pedestrian_id)
VALUES
    (
        '01JF789Z64AE09EADSXM43KGAP',
        '01F8VYXK67BGC1F9RP1E4S9YAK'
    );

INSERT INTO
    walking_samples (
        id,
        is_converged,
        trajectory_id,
        walking_information_id
    )
VALUES
    (
        '01JF789Z641XA3KEA35B7908TN',
        TRUE,
        '01JET1DV4WJ2EP78B8HAKK5SP0',
        '01JF789Z64AE09EADSXM43KGAP'
    );

INSERT INTO
    estimated_positions (id, x, y, direction, walking_sample_id)
VALUES
    (
        '01JF789Z64A0JG6K40R0RFY3B8',
        1210,
        2700,
        270,
        '01JF789Z641XA3KEA35B7908TN'
    );

INSERT INTO
    correct_positions (id, x, y, direction, trajectory_id)
VALUES
    (
        '01JF789Z64F8RN9NB47K9QVEJR',
        1210,
        2700,
        270,
        '01JET1DV4WJ2EP78B8HAKK5SP0'
    );

INSERT INTO
    walking_information (id, pedestrian_id)
VALUES
    (
        '01JF789Z64E1Q258H7N8N2S0AJ',
        '01F8VYXK67BGC1F9RP1E4S9YAK'
    );

INSERT INTO
    walking_samples (
        id,
        is_converged,
        trajectory_id,
        walking_information_id
    )
VALUES
    (
        '01JF789Z64GQ9WAJRFFEZ4XJ3G',
        TRUE,
        '01JET1DV4WJ2EP78B8HAKK5SP0',
        '01JF789Z64E1Q258H7N8N2S0AJ'
    );

INSERT INTO
    estimated_positions (id, x, y, direction, walking_sample_id)
VALUES
    (
        '01JF789Z640JVYFMDHC65QKMTX',
        1150,
        2700,
        270,
        '01JF789Z64GQ9WAJRFFEZ4XJ3G'
    );

INSERT INTO
    correct_positions (id, x, y, direction, trajectory_id)
VALUES
    (
        '01JF789Z646Q2ATTK34K32CV0Z',
        1150,
        2700,
        270,
        '01JET1DV4WJ2EP78B8HAKK5SP0'
    );

INSERT INTO
    walking_information (id, pedestrian_id)
VALUES
    (
        '01JF789Z644EBE3NERXB5D435Z',
        '01F8VYXK67BGC1F9RP1E4S9YAK'
    );

INSERT INTO
    walking_samples (
        id,
        is_converged,
        trajectory_id,
        walking_information_id
    )
VALUES
    (
        '01JF789Z64V9YWVXHD4JJG4GH7',
        TRUE,
        '01JET1DV4WJ2EP78B8HAKK5SP0',
        '01JF789Z644EBE3NERXB5D435Z'
    );

INSERT INTO
    estimated_positions (id, x, y, direction, walking_sample_id)
VALUES
    (
        '01JF789Z6418E11V30VJXRZB5V',
        1090,
        2700,
        270,
        '01JF789Z64V9YWVXHD4JJG4GH7'
    );

INSERT INTO
    correct_positions (id, x, y, direction, trajectory_id)
VALUES
    (
        '01JF789Z64JQKMGATMBBD4FW1D',
        1090,
        2700,
        270,
        '01JET1DV4WJ2EP78B8HAKK5SP0'
    );

INSERT INTO
    walking_information (id, pedestrian_id)
VALUES
    (
        '01JF789Z64TXK8FK6FCFPPZTNP',
        '01F8VYXK67BGC1F9RP1E4S9YAK'
    );

INSERT INTO
    walking_samples (
        id,
        is_converged,
        trajectory_id,
        walking_information_id
    )
VALUES
    (
        '01JF789Z64M9K7ZNKWVAK9017Y',
        TRUE,
        '01JET1DV4WJ2EP78B8HAKK5SP0',
        '01JF789Z64TXK8FK6FCFPPZTNP'
    );

INSERT INTO
    estimated_positions (id, x, y, direction, walking_sample_id)
VALUES
    (
        '01JF789Z649FXMVAPW1YRWC085',
        1030,
        2700,
        270,
        '01JF789Z64M9K7ZNKWVAK9017Y'
    );

INSERT INTO
    correct_positions (id, x, y, direction, trajectory_id)
VALUES
    (
        '01JF789Z64CX7ECTVDGBTHE595',
        1030,
        2700,
        270,
        '01JET1DV4WJ2EP78B8HAKK5SP0'
    );

INSERT INTO
    walking_information (id, pedestrian_id)
VALUES
    (
        '01JF789Z64V1BS6CY9J20EZPDA',
        '01F8VYXK67BGC1F9RP1E4S9YAK'
    );

INSERT INTO
    walking_samples (
        id,
        is_converged,
        trajectory_id,
        walking_information_id
    )
VALUES
    (
        '01JF789Z64YGQ7KMBAMHTANHWN',
        TRUE,
        '01JET1DV4WJ2EP78B8HAKK5SP0',
        '01JF789Z64V1BS6CY9J20EZPDA'
    );

INSERT INTO
    estimated_positions (id, x, y, direction, walking_sample_id)
VALUES
    (
        '01JF789Z64XA4QRZA8KZWYEH2E',
        970,
        2700,
        270,
        '01JF789Z64YGQ7KMBAMHTANHWN'
    );

INSERT INTO
    correct_positions (id, x, y, direction, trajectory_id)
VALUES
    (
        '01JF789Z64TTFT4P3BFKBP9TF0',
        970,
        2700,
        270,
        '01JET1DV4WJ2EP78B8HAKK5SP0'
    );

INSERT INTO
    walking_information (id, pedestrian_id)
VALUES
    (
        '01JF789Z649N91TC03BQASFFQW',
        '01F8VYXK67BGC1F9RP1E4S9YAK'
    );

INSERT INTO
    walking_samples (
        id,
        is_converged,
        trajectory_id,
        walking_information_id
    )
VALUES
    (
        '01JF789Z64ZBZWFXX4X7PKR20S',
        TRUE,
        '01JET1DV4WJ2EP78B8HAKK5SP0',
        '01JF789Z649N91TC03BQASFFQW'
    );

INSERT INTO
    estimated_positions (id, x, y, direction, walking_sample_id)
VALUES
    (
        '01JF789Z64N76FJ6A27M2WFYT9',
        910,
        2700,
        270,
        '01JF789Z64ZBZWFXX4X7PKR20S'
    );

INSERT INTO
    correct_positions (id, x, y, direction, trajectory_id)
VALUES
    (
        '01JF789Z648J7G7ADYJ1WSACSS',
        910,
        2700,
        270,
        '01JET1DV4WJ2EP78B8HAKK5SP0'
    );

INSERT INTO
    walking_information (id, pedestrian_id)
VALUES
    (
        '01JF789Z64HADMBGQFSYCBG8JS',
        '01F8VYXK67BGC1F9RP1E4S9YAK'
    );

INSERT INTO
    walking_samples (
        id,
        is_converged,
        trajectory_id,
        walking_information_id
    )
VALUES
    (
        '01JF789Z6476Z00A9Y1JFRY05R',
        TRUE,
        '01JET1DV4WJ2EP78B8HAKK5SP0',
        '01JF789Z64HADMBGQFSYCBG8JS'
    );

INSERT INTO
    estimated_positions (id, x, y, direction, walking_sample_id)
VALUES
    (
        '01JF789Z64A0JHWZA0VKT0P9NE',
        850,
        2700,
        270,
        '01JF789Z6476Z00A9Y1JFRY05R'
    );

INSERT INTO
    correct_positions (id, x, y, direction, trajectory_id)
VALUES
    (
        '01JF789Z64EEF6EZNC1ZTM7Q6P',
        850,
        2700,
        270,
        '01JET1DV4WJ2EP78B8HAKK5SP0'
    );

INSERT INTO
    walking_information (id, pedestrian_id)
VALUES
    (
        '01JF789Z64TW3FSP7G8NN54133',
        '01F8VYXK67BGC1F9RP1E4S9YAK'
    );

INSERT INTO
    walking_samples (
        id,
        is_converged,
        trajectory_id,
        walking_information_id
    )
VALUES
    (
        '01JF789Z64ED28G90RMZAPZ8M9',
        TRUE,
        '01JET1DV4WJ2EP78B8HAKK5SP0',
        '01JF789Z64TW3FSP7G8NN54133'
    );

INSERT INTO
    estimated_positions (id, x, y, direction, walking_sample_id)
VALUES
    (
        '01JF789Z649Q0QQ3Q327QGCB7V',
        790,
        2700,
        270,
        '01JF789Z64ED28G90RMZAPZ8M9'
    );

INSERT INTO
    correct_positions (id, x, y, direction, trajectory_id)
VALUES
    (
        '01JF789Z64F0VM22KPZPSAPN01',
        790,
        2700,
        270,
        '01JET1DV4WJ2EP78B8HAKK5SP0'
    );

INSERT INTO
    walking_information (id, pedestrian_id)
VALUES
    (
        '01JF789Z64BY2SM7Z6S2EFSZFJ',
        '01F8VYXK67BGC1F9RP1E4S9YAK'
    );

INSERT INTO
    walking_samples (
        id,
        is_converged,
        trajectory_id,
        walking_information_id
    )
VALUES
    (
        '01JF789Z64M0JHY3RAFPQHVR03',
        TRUE,
        '01JET1DV4WJ2EP78B8HAKK5SP0',
        '01JF789Z64BY2SM7Z6S2EFSZFJ'
    );

INSERT INTO
    estimated_positions (id, x, y, direction, walking_sample_id)
VALUES
    (
        '01JF789Z64RWQBGWT28ABGMY02',
        730,
        2700,
        270,
        '01JF789Z64M0JHY3RAFPQHVR03'
    );

INSERT INTO
    correct_positions (id, x, y, direction, trajectory_id)
VALUES
    (
        '01JF789Z64PW6VV4HJ1JJQ7VCC',
        730,
        2700,
        270,
        '01JET1DV4WJ2EP78B8HAKK5SP0'
    );

INSERT INTO
    walking_information (id, pedestrian_id)
VALUES
    (
        '01JF789Z64EW8VZ8M7Y480W7E4',
        '01F8VYXK67BGC1F9RP1E4S9YAK'
    );

INSERT INTO
    walking_samples (
        id,
        is_converged,
        trajectory_id,
        walking_information_id
    )
VALUES
    (
        '01JF789Z64J4Y9KKCJ16PC91HT',
        TRUE,
        '01JET1DV4WJ2EP78B8HAKK5SP0',
        '01JF789Z64EW8VZ8M7Y480W7E4'
    );

INSERT INTO
    estimated_positions (id, x, y, direction, walking_sample_id)
VALUES
    (
        '01JF789Z64KAXTKRAM92Q1RMCY',
        670,
        2700,
        270,
        '01JF789Z64J4Y9KKCJ16PC91HT'
    );

INSERT INTO
    correct_positions (id, x, y, direction, trajectory_id)
VALUES
    (
        '01JF789Z64222322RAR21TKE8V',
        670,
        2700,
        270,
        '01JET1DV4WJ2EP78B8HAKK5SP0'
    );

INSERT INTO
    walking_information (id, pedestrian_id)
VALUES
    (
        '01JF789Z64TMDW5ETSP1TN8P55',
        '01F8VYXK67BGC1F9RP1E4S9YAK'
    );

INSERT INTO
    walking_samples (
        id,
        is_converged,
        trajectory_id,
        walking_information_id
    )
VALUES
    (
        '01JF789Z64KXB2DVH4E93PXNZ6',
        TRUE,
        '01JET1DV4WJ2EP78B8HAKK5SP0',
        '01JF789Z64TMDW5ETSP1TN8P55'
    );

INSERT INTO
    estimated_positions (id, x, y, direction, walking_sample_id)
VALUES
    (
        '01JF789Z64KX7JZGGK17NZBQ5T',
        610,
        2700,
        270,
        '01JF789Z64KXB2DVH4E93PXNZ6'
    );

INSERT INTO
    correct_positions (id, x, y, direction, trajectory_id)
VALUES
    (
        '01JF789Z64M4HG09TV7NMBH4QN',
        610,
        2700,
        270,
        '01JET1DV4WJ2EP78B8HAKK5SP0'
    );

INSERT INTO
    walking_information (id, pedestrian_id)
VALUES
    (
        '01JF789Z647NWMMEZ4G01X3SXD',
        '01F8VYXK67BGC1F9RP1E4S9YAK'
    );

INSERT INTO
    walking_samples (
        id,
        is_converged,
        trajectory_id,
        walking_information_id
    )
VALUES
    (
        '01JF789Z64JFRMTT3C2B0NDMNR',
        TRUE,
        '01JET1DV4WJ2EP78B8HAKK5SP0',
        '01JF789Z647NWMMEZ4G01X3SXD'
    );

INSERT INTO
    estimated_positions (id, x, y, direction, walking_sample_id)
VALUES
    (
        '01JF789Z64CNSAA5S9XY741J6E',
        550,
        2700,
        270,
        '01JF789Z64JFRMTT3C2B0NDMNR'
    );

INSERT INTO
    correct_positions (id, x, y, direction, trajectory_id)
VALUES
    (
        '01JF789Z64VH9HTHKYPNN7XCGK',
        550,
        2700,
        270,
        '01JET1DV4WJ2EP78B8HAKK5SP0'
    );

INSERT INTO
    walking_information (id, pedestrian_id)
VALUES
    (
        '01JF789Z6426P2RZ88QVMJ62SC',
        '01F8VYXK67BGC1F9RP1E4S9YAK'
    );

INSERT INTO
    walking_samples (
        id,
        is_converged,
        trajectory_id,
        walking_information_id
    )
VALUES
    (
        '01JF789Z644NG005XX7B2E50PT',
        TRUE,
        '01JET1DV4WJ2EP78B8HAKK5SP0',
        '01JF789Z6426P2RZ88QVMJ62SC'
    );

INSERT INTO
    estimated_positions (id, x, y, direction, walking_sample_id)
VALUES
    (
        '01JF789Z64DDT0HEKA90E39FRX',
        490,
        2700,
        270,
        '01JF789Z644NG005XX7B2E50PT'
    );

INSERT INTO
    correct_positions (id, x, y, direction, trajectory_id)
VALUES
    (
        '01JF789Z64TEXJKAFWR2YA3DEP',
        490,
        2700,
        270,
        '01JET1DV4WJ2EP78B8HAKK5SP0'
    );

INSERT INTO
    walking_information (id, pedestrian_id)
VALUES
    (
        '01JF789Z64GT4AX6NYT23YAXZX',
        '01F8VYXK67BGC1F9RP1E4S9YAK'
    );

INSERT INTO
    walking_samples (
        id,
        is_converged,
        trajectory_id,
        walking_information_id
    )
VALUES
    (
        '01JF789Z64N1BAQ1NXBDY32VXH',
        TRUE,
        '01JET1DV4WJ2EP78B8HAKK5SP0',
        '01JF789Z64GT4AX6NYT23YAXZX'
    );

INSERT INTO
    estimated_positions (id, x, y, direction, walking_sample_id)
VALUES
    (
        '01JF789Z64T6QG1FGP3J3B2YEK',
        430,
        2700,
        270,
        '01JF789Z64N1BAQ1NXBDY32VXH'
    );

INSERT INTO
    correct_positions (id, x, y, direction, trajectory_id)
VALUES
    (
        '01JF789Z64TWS3D2W4QSCRVSGJ',
        430,
        2700,
        270,
        '01JET1DV4WJ2EP78B8HAKK5SP0'
    );